field,value,row_count,row_fraction,documented_class
BUFVEG,0,3219252,0.35150808530877825,
BUFVEG,1,1507761,0.16463146787304903,
BUFVEG,<NULL>,4431388,0.48386044681817275,
PUBFLAG,0,231988,0.02533062267092258,
PUBFLAG,1,222775,0.024324661040720973,
PUBFLAG,<NULL>,8703638,0.9503447162883565,
STATE,AL,214746,0.02344797962002319,
STATE,AR,157318,0.017177452701623352,
STATE,AZ,169989,0.01856099115991973,
STATE,CA,565809,0.06178032606346894,
STATE,CO,162371,0.017729186568703422,
STATE,CT,56165,0.006132620748971355,
STATE,DC,6137,0.0006700951399703944,
STATE,DE,22034,0.0024058784934182288,
STATE,FL,432959,0.047274518772436366,
STATE,GA,278093,0.030364798396575996,
STATE,IA,186038,0.02031337129702008,
STATE,ID,98096,0.010711040060377352,
STATE,IL,397832,0.0434390239082128,
STATE,IN,224755,0.024540855985668242,
STATE,KS,199244,0.021755326066198673,
STATE,KY,173050,0.018895219809658914,
STATE,LA,158661,0.017324094020342636,
STATE,MA,130710,0.014272142047503707,
STATE,MD,96857,0.010575754435736107,
STATE,ME,53098,0.005797736963035359,
STATE,MI,296272,0.032349751883543866,
STATE,MN,234839,0.025641921553773414,
STATE,MO,300922,0.03285748243607154,
STATE,MS,125807,0.013736786585343882,
STATE,MT,104245,0.011382445472741367,
STATE,NC,266414,0.02908957578948552,
STATE,ND,101775,0.011112747738387956,
STATE,NE,130445,0.014243206865477937,
STATE,NH,37773,0.004124409927016736,
STATE,NJ,157576,0.017205623558086178,
STATE,NM,123788,0.013516333255117351,
STATE,NV,63869,0.006973815625675268,
STATE,NY,316339,0.03454085489377458,
STATE,OH,307255,0.033548978691804385,
STATE,OK,209138,0.022835645654738203,
STATE,OR,142864,0.015599229603508298,
STATE,PA,377298,0.04119692946399704,
STATE,RI,30342,0.0033130237472676727,
STATE,SC,162084,0.01769784922062268,
STATE,SD,83746,0.009144172656340337,
STATE,TN,191286,0.020886397090496476,
STATE,TX,751557,0.08206203244430987,
STATE,UT,77157,0.00842472392287693,
STATE,VA,196175,0.021420223901530408,
STATE,VT,32046,0.0034990824271616846,
STATE,WA,173092,0.018899805763036584,
STATE,WI,235482,0.02571213031619821,
STATE,WV,82432,0.00900069782923897,
STATE,WY,62421,0.006815709423511812,
WATER20,0,8223664,0.8979366594670838,
WATER20,1,934737,0.10206334053291617,
WUICLASS1990,High_Dens_Interface,307950,0.0336248653012682,True
WUICLASS1990,High_Dens_Intermix,14278,0.001559005769675296,True
WUICLASS1990,High_Dens_NoVeg,1196957,0.13069497612083159,True
WUICLASS1990,Low_Dens_Interface,195155,0.021308850748072726,True
WUICLASS1990,Low_Dens_Intermix,441685,0.048227305181330234,True
WUICLASS1990,Low_Dens_NoVeg,344287,0.0375924792985151,True
WUICLASS1990,Med_Dens_Interface,644036,0.0703218826081103,True
WUICLASS1990,Med_Dens_Intermix,285310,0.031152818051972172,True
WUICLASS1990,Med_Dens_NoVeg,1225634,0.1338261995734845,True
WUICLASS1990,Uninhabited_NoVeg,1522193,0.1662072888051091,True
WUICLASS1990,Uninhabited_Veg,1016396,0.1109796349821328,True
WUICLASS1990,Very_Low_Dens_NoVeg,581033,0.06344262497350793,True
WUICLASS1990,Very_Low_Dens_Veg,448750,0.04899872805307389,True
WUICLASS1990,Water,934737,0.10206334053291617,True
WUICLASS2000,High_Dens_Interface,344939,0.03766367076523511,True
WUICLASS2000,High_Dens_Intermix,5810,0.0006343902172442548,True
WUICLASS2000,High_Dens_NoVeg,1267100,0.13835384582963772,True
WUICLASS2000,Low_Dens_Interface,202916,0.022156269418646332,True
WUICLASS2000,Low_Dens_Intermix,440335,0.048079899537048006,True
WUICLASS2000,Low_Dens_NoVeg,340647,0.03719503000578376,True
WUICLASS2000,Med_Dens_Interface,731973,0.07992366789792235,True
WUICLASS2000,Med_Dens_Intermix,228687,0.024970188573310997,True
WUICLASS2000,Med_Dens_NoVeg,1289955,0.14084936879265278,True
WUICLASS2000,Uninhabited_NoVeg,1493619,0.16308731185716807,True
WUICLASS2000,Uninhabited_Veg,918527,0.10029338090786809,True
WUICLASS2000,Very_Low_Dens_NoVeg,552211,0.06029556906276543,True
WUICLASS2000,Very_Low_Dens_Veg,406945,0.0444340666018009,True
WUICLASS2000,Water,934737,0.10206334053291617,True
WUICLASS2010,High_Dens_Interface,392345,0.04283990185623014,True
WUICLASS2010,High_Dens_Intermix,3035,0.00033138972621967524,True
WUICLASS2010,High_Dens_NoVeg,1356237,0.14808665835881177,True
WUICLASS2010,Low_Dens_Interface,195780,0.02137709410190709,True
WUICLASS2010,Low_Dens_Intermix,443066,0.048378095695962645,True
WUICLASS2010,Low_Dens_NoVeg,323053,0.03527395229800486,True
WUICLASS2010,Med_Dens_Interface,777693,0.08491580571761381,True
WUICLASS2010,Med_Dens_Intermix,214475,0.02341838930180061,True
WUICLASS2010,Med_Dens_NoVeg,1327454,0.14494386083334854,True
WUICLASS2010,Uninhabited_NoVeg,1450431,0.15837164151253041,True
WUICLASS2010,Uninhabited_Veg,829417,0.0905635164915797,True
WUICLASS2010,Very_Low_Dens_NoVeg,526515,0.057489839110560895,True
WUICLASS2010,Very_Low_Dens_Veg,384163,0.041946514462513705,True
WUICLASS2010,Water,934737,0.10206334053291617,True
WUICLASS2020,High_Dens_Interface,416681,0.0454971342704911,True
WUICLASS2020,High_Dens_Intermix,2040,0.00022274630691536656,True
WUICLASS2020,High_Dens_NoVeg,1403220,0.1532167023479317,True
WUICLASS2020,Low_Dens_Interface,196163,0.02141891362913679,True
WUICLASS2020,Low_Dens_Intermix,437053,0.04772154003739299,True
WUICLASS2020,Low_Dens_NoVeg,321524,0.03510700175718447,True
WUICLASS2020,Med_Dens_Interface,784302,0.08563743823839991,True
WUICLASS2020,Med_Dens_Intermix,204349,0.022312737780317764,True
WUICLASS2020,Med_Dens_NoVeg,1331946,0.14543433946602688,True
WUICLASS2020,Uninhabited_NoVeg,1415711,0.15458058672032376,True
WUICLASS2020,Uninhabited_Veg,816446,0.08914722122344283,True
WUICLASS2020,Very_Low_Dens_NoVeg,520113,0.056790808788564726,True
WUICLASS2020,Very_Low_Dens_Veg,374116,0.04084948890095553,True
WUICLASS2020,Water,934737,0.10206334053291617,True
WUIFLAG1990,0,7269987,0.7938052723395711,
WUIFLAG1990,1,741273,0.0809391290029777,
WUIFLAG1990,2,1147141,0.12525559865745123,
WUIFLAG2000,0,7203741,0.786571913590593,
WUIFLAG2000,1,674832,0.07368447832760326,
WUIFLAG2000,2,1279828,0.1397436080818038,
WUIFLAG2010,0,7132007,0.778739323600266,
WUIFLAG2010,1,660576,0.07212787472398294,
WUIFLAG2010,2,1365818,0.14913280167575105,
WUIFLAG2020,0,7117813,0.777189489737346,
WUIFLAG2020,1,643442,0.07025702412462612,
WUIFLAG2020,2,1397146,0.1525534861380278,
fips,01001,1818,0.0001985062676334002,
fips,01003,7367,0.0008043980603164243,
fips,01005,1390,0.0001517732189276272,
fips,01007,1376,0.00015024456780173744,
fips,01009,2815,0.00030736806566997887,
fips,01011,768,8.385743319166741e-05,
fips,01013,1301,0.00014205536534161366,
fips,01015,5683,0.0006205231677451118,
fips,01017,1903,0.0002077873637548738,
fips,01019,1712,0.00018693219482309194,
fips,01021,2282,0.0002491701335200326,
fips,01023,892,9.739691459240538e-05,
fips,01025,1362,0.00014871591667584767,
fips,01027,1483,0.0001619278299781807,
fips,01029,1197,0.00013069967126357537,
fips,01031,2056,0.00022449333677352628,
fips,01033,3379,0.0003689508681701096,
fips,01035,1267,0.00013834292689302423,
fips,01037,1189,0.00012982615633449552,
fips,01039,3394,0.0003705887086621344,
fips,01041,1073,0.00011716018986283742,
fips,01043,5048,0.0005511879202493973,
fips,01045,2038,0.00022252792818309658,
fips,01047,2303,0.00025146311020886726,
fips,01049,4000,0.0004367574645399344,
fips,01051,3167,0.0003458027225494931,
fips,01053,2834,0.0003094426636265435,
fips,01055,4478,0.0004889499815524566,
fips,01057,1308,0.00014281969090455856,
fips,01059,2260,0.00024676796746506293,
fips,01061,2288,0.0002498252697168425,
fips,01063,1037,0.00011322937268197801,
fips,01065,1149,0.00012545858168909617,
fips,01067,1164,0.00012709642218112092,
fips,01069,3876,0.00042321798313919645,
fips,01071,3704,0.0004044374121639793,
fips,01073,25666,0.0028024542712204894,
fips,01075,1209,0.00013200994365719518,
fips,01077,4180,0.0004564115504442315,
fips,01079,2899,0.0003165399724253175,
fips,01081,3706,0.00040465579089624923,
fips,01083,4419,0.00048250780895049255,
fips,01085,918,0.00010023583811191496,
fips,01087,1752,0.00019129976946849128,
fips,01089,9619,0.0010502925128524072,
fips,01091,1447,0.00015799701279732128,
fips,01093,2591,0.00028290964765574254,
fips,01095,4443,0.0004851283537377322,
fips,01097,11060,0.0012076343894529187,
fips,01099,1297,0.00014161860787707375,
fips,01101,5503,0.0006008690818408148,
fips,01103,6041,0.0006596129608214359,
fips,01105,944,0.00010307476163142452,
fips,01107,1259,0.00013746941196394436,
fips,01109,1527,0.00016673216208811997,
fips,01111,1561,0.0001704446005367094,
fips,01113,1881,0.00020538519769990418,
fips,01115,3247,0.0003545378718402918,
fips,01117,7853,0.0008574640922580263,
fips,01119,1056,0.00011530397063854269,
fips,01121,4711,0.0005143911038619078,
fips,01123,2508,0.0002738469302665389,
fips,01125,7361,0.0008037429241196144,
fips,01127,3905,0.000426384474757111,
fips,01129,1203,0.0001313548074603853,
fips,01131,800,8.735149290798689e-05,
fips,01133,1819,0.0001986154569995352,
fips,04001,9877,0.0010784633693152331,
fips,04003,7365,0.0008041796815841543,
fips,04005,9982,0.0010899282527594063,
fips,04007,2959,0.0003230913343934165,
fips,04009,2268,0.0002476414823941428,
fips,04011,820,8.953528023068656e-05,
fips,04012,2551,0.00027854207301034316,
fips,04013,65024,0.007099929343561174,
fips,04015,11539,0.0012599360958315759,
fips,04017,9495,0.0010367530314516692,
fips,04019,17813,0.001944990178962463,
fips,04021,13627,0.0014879234923214216,
fips,04023,1757,0.0001918457162991662,
fips,04025,8358,0.0009126047221561929,
fips,04027,6554,0.0007156271056486825,
fips,05001,2243,0.00024491174824076823,
fips,05003,1573,0.0001717548729303292,
fips,05005,2175,0.00023748687134358935,
fips,05007,7225,0.0007888931703252565,
fips,05009,2529,0.00027613990695537355,
fips,05011,965,0.00010536773832025917,
fips,05013,853,9.313852931314102e-05,
fips,05015,1611,0.00017590406884345858,
fips,05017,1106,0.00012076343894529187,
fips,05019,1718,0.00018758733101990183,
fips,05021,1671,0.0001824554308115576,
fips,05023,1500,0.00016378404920247542,
fips,05025,623,6.802497510209478e-05,
fips,05027,1469,0.00016039917885229092,
fips,05029,1799,0.0001964316696768355,
fips,05031,3548,0.00038740387104692185,
fips,05033,2276,0.0002485149973232227,
fips,05035,2179,0.00023792362880812928,
fips,05037,1257,0.0001372510332316744,
fips,05039,1099,0.00011999911338234698,
fips,05041,1223,0.00013353859478308495,
fips,05043,1274,0.0001391072524559691,
fips,05045,3122,0.0003408892010734188,
fips,05047,1571,0.00017153649419805926,
fips,05049,1304,0.00014238293344001862,
fips,05051,4184,0.00045684830790877144,
fips,05053,1222,0.00013342940541694997,
fips,05055,1912,0.00020877006805008864,
fips,05057,2008,0.0002192522471990471,
fips,05059,2004,0.00021881548973450715,
fips,05061,1693,0.00018485759686652725,
fips,05063,1959,0.0002139019682584329,
fips,05065,1593,0.00017393866025302887,
fips,05067,1647,0.000179834886024318,
fips,05069,4337,0.0004735542809274239,
fips,05071,2309,0.0002521182464056771,
fips,05073,1305,0.0001424921228061536,
fips,05075,1598,0.00017448460708370382,
fips,05077,870,9.499474853743574e-05,
fips,05079,847,9.248339311633112e-05,
fips,05081,1364,0.00014893429540811765,
fips,05083,2173,0.0002372684926113194,
fips,05085,2531,0.0002763582856876435,
fips,05087,1338,0.00014609537188860807,
fips,05089,1627,0.00017765109870161833,
fips,05091,2171,0.0002370501138790494,
fips,05093,2834,0.0003094426636265435,
fips,05095,1068,0.00011661424303216249,
fips,05097,1648,0.000179944075390453,
fips,05099,1537,0.0001678240557494698,
fips,05101,1464,0.000159853232021616,
fips,05103,1711,0.00018682300545695696,
fips,05105,1038,0.00011333856204811298,
fips,05107,1489,0.00016258296617499058,
fips,05109,1892,0.00020658628072738898,
fips,05111,1854,0.00020243708481425962,
fips,05113,2609,0.00028487505624617224,
fips,05115,2669,0.0002914264182142712,
fips,05117,1334,0.00014565861442406814,
fips,05119,10505,0.0011470342912480028,
fips,05121,1252,0.0001367050864009995,
fips,05123,1620,0.00017688677313867343,
fips,05125,3148,0.0003437281245929284,
fips,05127,1677,0.0001831105670083675,
fips,05129,1348,0.0001471872655499579,
fips,05131,5000,0.000545946830674918,
fips,05133,1691,0.00018463921813425727,
fips,05135,1547,0.00016891594941081963,
fips,05137,831,9.073636325817138e-05,
fips,05139,2424,0.0002646750235112003,
fips,05141,1943,0.00021215493840027314,
fips,05143,6941,0.0007578833903429212,
fips,05145,2910,0.0003177410554528023,
fips,05147,941,0.00010274719353301958,
fips,05149,1788,0.0001952305866493507,
fips,06001,19735,0.0021548521406739014,
fips,06003,257,2.8061667096690785e-05,
fips,06005,1316,0.00014369320583363843,
fips,06007,5507,0.0006013058393053547,
fips,06009,2140,0.00023366524352886491,
fips,06011,1724,0.00018824246721671175,
fips,06013,12899,0.0014084336337751536,
fips,06015,1541,0.00016826081321400974,
fips,06017,5309,0.000579686344810628,
fips,06019,17515,0.0019124517478542379,
fips,06021,1981,0.00021630413431340253,
fips,06023,8040,0.0008778825037252682,
fips,06025,6787,0.0007410682279581337,
fips,06027,2843,0.0003104253679217584,
fips,06029,22614,0.002469208325776519,
fips,06031,3843,0.000419614734056742,
fips,06033,3330,0.0003636005892294954,
fips,06035,3494,0.00038150764527563274,
fips,06037,97249,0.01061855666726102,
fips,06039,4130,0.00045095208213748227,
fips,06041,3800,0.0004149195913129377,
fips,06043,1449,0.00015821539152959123,
fips,06045,4892,0.0005341543791323398,
fips,06047,5995,0.0006545902499792267,
fips,06049,3661,0.000399742269420175,
fips,06051,1698,0.00018540354369720217,
fips,06053,8185,0.0008937149618148409,
fips,06055,2529,0.00027613990695537355,
fips,06057,3170,0.00034613029064789805,
fips,06059,28489,0.003110695851819548,
fips,06061,7167,0.0007825601870894275,
fips,06063,2526,0.0002758123388569686,
fips,06065,31410,0.003429637990299835,
fips,06067,19756,0.0021571451173627364,
fips,06069,1521,0.00016607702589131005,
fips,06071,38579,0.004212416556121533,
fips,06073,31434,0.0034322585350870746,
fips,06075,6331,0.0006912778770005812,
fips,06077,11887,0.0012979339952465501,
fips,06079,8629,0.0009421950403787735,
fips,06081,8779,0.0009585734452990211,
fips,06083,8331,0.0009096566092705484,
fips,06085,19504,0.00212962939709672,
fips,06087,4052,0.0004424353115789536,
fips,06089,7781,0.0008496024578963074,
fips,06091,1153,0.0001258953391536361,
fips,06093,6957,0.0007596304202010809,
fips,06095,7968,0.0008700208693635494,
fips,06097,8375,0.0009144609413804877,
fips,06099,8360,0.000912823100888463,
fips,06101,2341,0.0002556123061219966,
fips,06103,3681,0.00040192605674287465,
fips,06105,2136,0.00023322848606432498,
fips,06107,11023,0.0012035943829059243,
fips,06109,3394,0.0003705887086621344,
fips,06111,11284,0.001232092807467155,
fips,06113,3265,0.0003565032804307215,
fips,06115,2063,0.00022525766233647118,
fips,08001,9512,0.0010386092506759642,
fips,08003,984,0.00010744233627682387,
fips,08005,9004,0.0009831410526793924,
fips,08007,779,8.505851621915223e-05,
fips,08009,1066,0.00011639586429989252,
fips,08011,841,9.182825691952121e-05,
fips,08013,7472,0.0008158629437605975,
fips,08014,1397,0.0001525375444905721,
fips,08015,1425,0.00015559484674235164,
fips,08017,581,6.343902172442548e-05,
fips,08019,1044,0.00011399369824492289,
fips,08021,931,0.00010165529987166973,
fips,08023,1517,0.00016564026842677014,
fips,08025,455,4.968116159141754e-05,
fips,08027,685,7.479471580246377e-05,
fips,08029,1594,0.00017404784961916388,
fips,08031,10639,0.0011616656663100905,
fips,08033,402,4.389412518626341e-05,
fips,08035,5176,0.0005651641591146752,
fips,08037,2693,0.00029404696300151085,
fips,08039,977,0.00010667801071387899,
fips,08041,12904,0.0014089795806058285,
fips,08043,2029,0.00022154522388788173,
fips,08045,2255,0.000246222020634388,
fips,08047,477,5.2083327646387183e-05,
fips,08049,1579,0.0001724100091271391,
fips,08051,2106,0.00022995280508027549,
fips,08053,265,2.8935182025770657e-05,
fips,08055,1041,0.00011366613014651793,
fips,08057,797,8.702392480958194e-05,
fips,08059,10058,0.0010982266445856651,
fips,08061,611,6.671470270847498e-05,
fips,08063,1357,0.00014816996984517276,
fips,08065,600,6.551361968099016e-05,
fips,08067,1982,0.0002164133236795375,
fips,08069,9859,0.0010764979607248034,
fips,08071,1705,0.00018616786926014704,
fips,08073,1216,0.00013277426922014008,
fips,08075,1993,0.00021761440670702232,
fips,08077,4994,0.0005452916944781081,
fips,08079,263,2.8716803293500688e-05,
fips,08081,1512,0.0001650943215960952,
fips,08083,1590,0.00017361109215462394,
fips,08085,2097,0.00022897010078506063,
fips,08087,1967,0.00021477548318751276,
fips,08089,2115,0.00023093550937549034,
fips,08091,463,5.055467652049741e-05,
fips,08093,2482,0.0002710080067470293,
fips,08095,944,0.00010307476163142452,
fips,08097,951,0.00010383908719436941,
fips,08099,1777,0.00019402950362186586,
fips,08101,6910,0.0007544985199927367,
fips,08103,1157,0.00012633209661817602,
fips,08105,1132,0.00012360236246480145,
fips,08107,1508,0.0001646575641315553,
fips,08109,1190,0.0001299353457006305,
fips,08111,197,2.151030512859177e-05,
fips,08113,829,9.051798452590141e-05,
fips,08115,700,7.643255629448853e-05,
fips,08117,1257,0.0001372510332316744,
fips,08119,1171,0.00012786074774406582,
fips,08121,1561,0.0001704446005367094,
fips,08123,9561,0.0010439595296165784,
fips,08125,2035,0.00022220036008469164,
fips,09001,11960,0.001305904818974404,
fips,09003,12365,0.0013501265122590723,
fips,09005,4980,0.0005437630433522184,
fips,09007,3366,0.0003675314064103548,
fips,09009,11634,0.0012703090856143993,
fips,09011,5880,0.0006420334728737036,
fips,09013,2833,0.0003093334742604086,
fips,09015,3147,0.00034361893522679343,
fips,10001,4504,0.0004917889050719662,
fips,10003,9493,0.0010365346527193993,
fips,10005,8037,0.0008775549356268632,
fips,11001,6137,0.0006700951399703944,
fips,12001,7011,0.0007655266459723701,
fips,12003,838,9.150068882111626e-05,
fips,12005,6169,0.0006735891996867138,
fips,12007,882,9.630502093105555e-05,
fips,12009,12141,0.001325668094244836,
fips,12011,21980,0.0023999822676469395,
fips,12013,894,9.761529332467535e-05,
fips,12015,8360,0.000912823100888463,
fips,12017,6730,0.0007348444340884397,
fips,12019,3359,0.0003667670808474099,
fips,12021,6347,0.000693024906858741,
fips,12023,2149,0.00023464794782407977,
fips,12027,1156,0.00012622290725204104,
fips,12029,1599,0.0001745937964498388,
fips,12031,14342,0.001565993889107935,
fips,12033,7790,0.0008505851621915223,
fips,12035,2614,0.00028542100307684716,
fips,12037,1419,0.00015493971054554174,
fips,12039,1612,0.00017601325820959358,
fips,12041,857,9.357528677768095e-05,
fips,12043,907,9.903475508443014e-05,
fips,12045,1351,0.00014751483364836286,
fips,12047,960,0.00010482179148958426,
fips,12049,1095,0.00011956235591780705,
fips,12051,1994,0.00021772359607315732,
fips,12053,5877,0.0006417059047752986,
fips,12055,6617,0.0007225060357151865,
fips,12057,22790,0.0024884256542162765,
fips,12059,1574,0.0001718640622964642,
fips,12061,4301,0.0004696234637465645,
fips,12063,3049,0.00033291837734556503,
fips,12065,796,8.691473544344695e-05,
fips,12067,747,8.156445650283275e-05,
fips,12069,12046,0.0013152951044620126,
fips,12071,19557,0.0021354164335018744,
fips,12073,5488,0.00059923124134879,
fips,12075,3479,0.000379869804783608,
fips,12077,777,8.484013748688227e-05,
fips,12079,1249,0.00013637751830259453,
fips,12081,7663,0.0008367181126923794,
fips,12083,12298,0.0013428108247280283,
fips,12085,3699,0.00040389146533330436,
fips,12086,33401,0.0036470340182745875,
fips,12087,3383,0.00036938762563464955,
fips,12089,2009,0.00021936143656518207,
fips,12091,5743,0.0006270745297132108,
fips,12093,1893,0.00020669547009352396,
fips,12095,18918,0.00206564442854162,
fips,12097,6192,0.0006761005551078184,
fips,12099,19014,0.002076126607690578,
fips,12101,9398,0.001026161662936576,
fips,12103,20592,0.0022484274274515823,
fips,12105,17342,0.0018935619875128857,
fips,12107,4427,0.0004833813238795724,
fips,12109,5078,0.0005544636012334468,
fips,12111,7351,0.0008026510304582645,
fips,12113,5066,0.0005531533288398269,
fips,12115,10937,0.0011942040974183157,
fips,12117,6611,0.0007218508995183767,
fips,12119,3527,0.0003851108943580872,
fips,12121,1759,0.00019206409503143615,
fips,12123,1854,0.00020243708481425962,
fips,12125,1108,0.00012098181767756184,
fips,12127,13938,0.0015218813851894015,
fips,12129,1434,0.0001565775510375665,
fips,12131,3649,0.00039843199702655516,
fips,12133,1772,0.00019348355679119094,
fips,13001,2236,0.00024414742267782336,
fips,13003,715,7.807039678651328e-05,
fips,13005,1068,0.00011661424303216249,
fips,13007,545,5.9508204543566065e-05,
fips,13009,1217,0.00013288345858627505,
fips,13011,961,0.00010493098085571925,
fips,13013,1623,0.0001772143412370784,
fips,13015,2649,0.00028924263089157156,
fips,13017,1587,0.00017328352405621898,
fips,13019,1150,0.00012556777105523115,
fips,13021,3849,0.0004202698702535519,
fips,13023,878,9.586826346651561e-05,
fips,13025,1118,0.00012207371133891168,
fips,13027,1145,0.00012502182422455624,
fips,13029,1459,0.0001593072851909411,
fips,13031,3486,0.00038063413034655286,
fips,13033,1889,0.00020625871262898402,
fips,13035,735,8.025418410921295e-05,
fips,13037,526,5.7433606587001376e-05,
fips,13039,2196,0.000239779848032424,
fips,13043,968,0.00010569530641866413,
fips,13045,2832,0.00030922428489427357,
fips,13047,1403,0.000153192680687382,
fips,13049,1213,0.00013244670112173512,
fips,13051,6840,0.0007468552643632879,
fips,13053,718,7.839796488491824e-05,
fips,13055,970,0.0001059136851509341,
fips,13057,3588,0.00039177144569232117,
fips,13059,2133,0.00023290091796592004,
fips,13061,409,4.4658450749208295e-05,
fips,13063,3317,0.00036218112746974065,
fips,13065,1310,0.0001430380696368285,
fips,13067,8435,0.0009210123033485867,
fips,13069,2451,0.0002676231363968448,
fips,13071,2731,0.0002981961589146402,
fips,13073,1741,0.00019009868644100645,
fips,13075,1432,0.00015635917230529653,
fips,13077,2946,0.0003216718726336617,
fips,13079,471,5.142819144957728e-05,
fips,13081,1511,0.00016498513222996022,
fips,13083,728,7.948985854626807e-05,
fips,13085,949,0.00010362070846209944,
fips,13087,1590,0.00017361109215462394,
fips,13089,7413,0.0008094207711586335,
fips,13091,1682,0.00018365651383904242,
fips,13093,1370,0.00014958943160492755,
fips,13095,2711,0.00029601237159194055,
fips,13097,1690,0.0001845300287681223,
fips,13099,927,0.00010121854240712981,
fips,13101,422,4.6077912508963085e-05,
fips,13103,1489,0.00016258296617499058,
fips,13105,1423,0.00015537646801008168,
fips,13107,2419,0.00026412907668052536,
fips,13109,1212,0.00013233751175560014,
fips,13111,1329,0.00014511266759339322,
fips,13113,1979,0.00021608575558113255,
fips,13115,3208,0.0003502794865610274,
fips,13117,2021,0.00022067170895880188,
fips,13119,1656,0.00018081759031953284,
fips,13121,12517,0.0013667232959115897,
fips,13123,1317,0.0001438023951997734,
fips,13125,428,4.6733048705772984e-05,
fips,13127,3110,0.000339578928679799,
fips,13129,1720,0.0001878057097521718,
fips,13131,1847,0.00020167275925131472,
fips,13133,1211,0.00013222832238946514,
fips,13135,7679,0.0008384651425505391,
fips,13137,1840,0.00020090843368836982,
fips,13139,4797,0.0005237813893495164,
fips,13141,824,8.99720376952265e-05,
fips,13143,1249,0.00013637751830259453,
fips,13145,1141,0.0001245850667600163,
fips,13147,1647,0.000179834886024318,
fips,13149,600,6.551361968099016e-05,
fips,13151,3658,0.00039941470132177003,
fips,13153,3689,0.00040279957167195453,
fips,13155,1673,0.00018267380954382757,
fips,13157,2666,0.0002910988501158663,
fips,13159,1129,0.00012327479436639649,
fips,13161,1160,0.00012665966471658098,
fips,13163,1602,0.00017492136454824373,
fips,13165,845,9.226501438406115e-05,
fips,13167,833,9.095474199044135e-05,
fips,13169,784,8.560446304982715e-05,
fips,13171,913,9.968989128124003e-05,
fips,13173,730,7.970823727853803e-05,
fips,13175,3302,0.00036054328697771585,
fips,13177,706,7.708769249129842e-05,
fips,13179,1672,0.0001825646201776926,
fips,13181,672,7.337525404270898e-05,
fips,13183,742,8.101850967215783e-05,
fips,13185,3780,0.00041273580399023806,
fips,13187,1056,0.00011530397063854269,
fips,13189,1206,0.00013168237555879022,
fips,13191,1186,0.00012949858823609056,
fips,13193,1200,0.00013102723936198033,
fips,13195,1635,0.0001785246136306982,
fips,13197,558,6.0927666303320855e-05,
fips,13199,1511,0.00016498513222996022,
fips,13201,639,6.977200496025452e-05,
fips,13205,1138,0.00012425749866161134,
fips,13207,1078,0.00011770613669351233,
fips,13209,990,0.00010809747247363378,
fips,13211,1374,0.00015002618906946748,
fips,13213,876,9.564988473424564e-05,
fips,13215,3437,0.00037528385140593866,
fips,13217,2347,0.00025626744231880655,
fips,13219,1203,0.0001313548074603853,
fips,13221,958,0.00010460341275731429,
fips,13223,1742,0.00019020787580714145,
fips,13225,957,0.00010449422339117931,
fips,13227,996,0.00010875260867044367,
fips,13229,1490,0.00016269215554112559,
fips,13231,925,0.00010100016367485984,
fips,13233,1828,0.00019959816129475004,
fips,13235,620,6.769740700368984e-05,
fips,13237,795,8.680554607731197e-05,
fips,13239,193,2.1073547664051838e-05,
fips,13241,1231,0.00013441210971216482,
fips,13243,839,9.160987818725124e-05,
fips,13245,4068,0.00044418234143711333,
fips,13247,1532,0.0001672781089187949,
fips,13249,396,4.3238988989453505e-05,
fips,13251,1331,0.00014533104632566318,
fips,13253,797,8.702392480958194e-05,
fips,13255,1876,0.00020483925086922923,
fips,13257,1521,0.00016607702589131005,
fips,13259,680,7.424876897178886e-05,
fips,13261,1664,0.00018169110524861271,
fips,13263,782,8.538608431755718e-05,
fips,13265,441,4.8152510465527774e-05,
fips,13267,2281,0.0002490609441538976,
fips,13269,980,0.00010700557881228393,
fips,13271,1215,0.00013266507985400507,
fips,13273,832,9.084555262430636e-05,
fips,13275,2391,0.00026107177442874583,
fips,13277,2516,0.00027472044519561876,
fips,13279,1841,0.00020101762305450483,
fips,13281,662,7.228336038135915e-05,
fips,13283,759,8.287472889645256e-05,
fips,13285,2144,0.00023410200099340485,
fips,13287,1051,0.00011475802380786777,
fips,13289,718,7.839796488491824e-05,
fips,13291,1293,0.0001411818504125338,
fips,13293,1368,0.00014937105287265756,
fips,13295,2267,0.00024753229302800785,
fips,13297,2305,0.0002516814889411372,
fips,13299,3059,0.00033401027100691486,
fips,13301,997,0.00010886179803657866,
fips,13303,1953,0.000213246832061623,
fips,13305,2361,0.0002577960934446963,
fips,13307,389,4.247466342650862e-05,
fips,13309,718,7.839796488491824e-05,
fips,13311,1149,0.00012545858168909617,
fips,13313,2572,0.00028083504969917783,
fips,13315,933,0.0001018736786039397,
fips,13317,919,0.00010034502747804993,
fips,13319,726,7.92714798139981e-05,
fips,13321,1446,0.0001578878234311863,
fips,16001,9986,0.0010903650102239463,
fips,16003,1566,0.00017099054736738432,
fips,16005,3093,0.0003377227094555043,
fips,16007,1309,0.00014292888027069353,
fips,16009,1021,0.00011148234282381826,
fips,16011,2647,0.0002890242521593016,
fips,16013,1927,0.00021040790854211342,
fips,16015,1763,0.0001925008524959761,
fips,16017,3064,0.0003345562178375898,
fips,16019,4181,0.0004565207398103665,
fips,16021,1018,0.00011115477472541331,
fips,16023,695,7.58866094638136e-05,
fips,16025,717,7.828877551878324e-05,
fips,16027,6597,0.0007203222483924868,
fips,16029,1671,0.0001824554308115576,
fips,16031,2210,0.00024130849915831378,
fips,16033,1212,0.00013233751175560014,
fips,16035,1939,0.0002117181809357332,
fips,16037,1406,0.00015352024878578696,
fips,16039,2678,0.0002924091225094861,
fips,16041,1167,0.00012742399027952588,
fips,16043,2331,0.0002545204124606468,
fips,16045,1302,0.00014216455470774866,
fips,16047,1747,0.00019075382263781637,
fips,16049,3360,0.00036687627021354493,
fips,16051,1718,0.00018758733101990183,
fips,16053,1771,0.00019337436742505597,
fips,16055,4970,0.0005426711496908685,
fips,16057,1973,0.00021543061938432266,
fips,16059,1958,0.0002137927788922979,
fips,16061,706,7.708769249129842e-05,
fips,16063,1428,0.0001559224148407566,
fips,16065,1229,0.00013419373097989484,
fips,16067,2033,0.00022198198135242166,
fips,16069,1700,0.00018562192242947212,
fips,16071,812,8.866176530160668e-05,
fips,16073,3692,0.0004031271397703595,
fips,16075,1282,0.00013998076738504898,
fips,16077,1247,0.00013615913957032454,
fips,16079,2182,0.00023825119690653424,
fips,16081,896,9.783367205694532e-05,
fips,16083,3980,0.00043457367721723477,
fips,16085,2592,0.0002830188370218775,
fips,16087,1320,0.00014412996329817837,
fips,17001,3193,0.00034864164606900267,
fips,17003,926,0.00010110935304099482,
fips,17005,1334,0.00014565861442406814,
fips,17007,1631,0.00017808785616615826,
fips,17009,617,6.736983890528489e-05,
fips,17011,3319,0.0003623995062020106,
fips,17013,510,5.568657672884164e-05,
fips,17015,1365,0.00014904348477425263,
fips,17017,1335,0.0001457678037902031,
fips,17019,6453,0.0007045989796690492,
fips,17021,2715,0.0002964491290564805,
fips,17023,1737,0.00018966192897646654,
fips,17025,1429,0.00015603160420689157,
fips,17027,2180,0.00023803281817426426,
fips,17029,2628,0.0002869496542027369,
fips,17031,85584,0.009344862711296437,
fips,17033,1570,0.00017142730483192425,
fips,17035,1247,0.00013615913957032454,
fips,17037,3744,0.00040880498680937865,
fips,17039,1756,0.00019173652693303122,
fips,17041,1833,0.00020014410812542495,
fips,17043,17795,0.0019430247703720333,
fips,17045,2063,0.00022525766233647118,
fips,17047,644,7.031795179092945e-05,
fips,17049,2035,0.00022220036008469164,
fips,17051,2243,0.00024491174824076823,
fips,17053,1583,0.00017284676659167904,
fips,17055,4850,0.0005295684257546705,
fips,17057,2969,0.00032418322805476634,
fips,17059,963,0.00010514935958798922,
fips,17061,1428,0.0001559224148407566,
fips,17063,3099,0.0003383778456523142,
fips,17065,1645,0.00017961650729204803,
fips,17067,2408,0.00026292799365304053,
fips,17069,529,5.776117468540633e-05,
fips,17071,1109,0.00012109100704369683,
fips,17073,2984,0.0003258210685467911,
fips,17075,3265,0.0003565032804307215,
fips,17077,3690,0.00040290876103808953,
fips,17079,1158,0.00012644128598431103,
fips,17081,2734,0.00029852372701304517,
fips,17083,1107,0.00012087262831142686,
fips,17085,1779,0.00019424788235413584,
fips,17087,1653,0.0001804900222211279,
fips,17089,10519,0.0011485629423738926,
fips,17091,3962,0.00043260826862680506,
fips,17093,2999,0.00032745890903881583,
fips,17095,2822,0.00030813239123292374,
fips,17097,14756,0.0016111982866878181,
fips,17099,5856,0.000639412928086464,
fips,17101,1285,0.00014030833548345394,
fips,17103,2554,0.0002788696411087481,
fips,17105,3572,0.0003900244158341614,
fips,17107,2671,0.00029164479694654123,
fips,17109,2077,0.00022678631346236095,
fips,17111,7589,0.0008286380995983905,
fips,17113,6058,0.0006614691800457307,
fips,17115,4414,0.00048196186211981764,
fips,17117,3900,0.00042583852792643607,
fips,17119,9897,0.0010806471566379328,
fips,17121,3141,0.0003429637990299835,
fips,17123,1387,0.00015144565082922227,
fips,17125,1659,0.0001811451584179378,
fips,17127,1369,0.00014948024223879257,
fips,17129,979,0.00010689638944614896,
fips,17131,1528,0.00016684135145425495,
fips,17133,1829,0.00019970735066088502,
fips,17135,2897,0.0003163215936930475,
fips,17137,2069,0.00022591279853328107,
fips,17139,1259,0.00013746941196394436,
fips,17141,3056,0.0003336827029085099,
fips,17143,5420,0.0005918063644516112,
fips,17145,1472,0.00016072674695069588,
fips,17147,1520,0.00016596783652517508,
fips,17149,2112,0.00023060794127708538,
fips,17151,632,6.900767939730964e-05,
fips,17153,1283,0.00014008995675118395,
fips,17155,572,6.245631742921063e-05,
fips,17157,2699,0.00029470209919832077,
fips,17159,1233,0.00013463048844443478,
fips,17161,4183,0.00045673911854263643,
fips,17163,10287,0.0011232310094305765,
fips,17165,2627,0.00028684046483660195,
fips,17167,7436,0.0008119321265797381,
fips,17169,825,9.008122706136147e-05,
fips,17171,676,7.381201150724892e-05,
fips,17173,2675,0.00029208155441108114,
fips,17175,695,7.58866094638136e-05,
fips,17177,2121,0.00023159064557230023,
fips,17179,4843,0.0005288041001917256,
fips,17181,1862,0.00020331059974333947,
fips,17183,5076,0.0005542452225011767,
fips,17185,886,9.674177839559547e-05,
fips,17187,1615,0.00017634082630799852,
fips,17189,1495,0.0001632381023718005,
fips,17191,1803,0.00019686842714137544,
fips,17193,1721,0.0001879148991183068,
fips,17195,3683,0.0004021444354751446,
fips,17197,13742,0.0015004802694269447,
fips,17199,4906,0.0005356830302582295,
fips,17201,8559,0.0009345517847493247,
fips,17203,2230,0.00024349228648101344,
fips,18001,1384,0.0001511180827308173,
fips,18003,7214,0.0007876920872977718,
fips,18005,2613,0.00028531181371071215,
fips,18007,1081,0.00011803370479191728,
fips,18009,1016,0.00011093639599314334,
fips,18011,2115,0.00023093550937549034,
fips,18013,707,7.719688185743341e-05,
fips,18015,1405,0.00015341105941965198,
fips,18017,2318,0.000253100950700892,
fips,18019,3531,0.0003855476518226271,
fips,18021,1718,0.00018758733101990183,
fips,18023,1619,0.00017677758377253845,
fips,18025,962,0.00010504017022185423,
fips,18027,2501,0.000273082604703594,
fips,18029,1530,0.0001670597301865249,
fips,18031,1369,0.00014948024223879257,
fips,18033,2027,0.00022132684515561177,
fips,18035,4031,0.0004401423348901189,
fips,18037,2499,0.00027286422597132406,
fips,18039,4691,0.0005122073165392081,
fips,18041,1036,0.00011312018331584302,
fips,18043,1753,0.00019140895883462626,
fips,18045,1324,0.0001445667207627183,
fips,18047,1544,0.0001685883813124147,
fips,18049,1210,0.00013211913302333016,
fips,18051,2916,0.0003183961916496122,
fips,18053,3264,0.0003563940910645865,
fips,18055,2150,0.00023475713719021474,
fips,18057,6137,0.0006700951399703944,
fips,18059,2154,0.00023519389465475468,
fips,18061,1224,0.00013364778414921992,
fips,18063,4093,0.0004469120755904879,
fips,18065,2882,0.0003146837532010228,
fips,18067,2844,0.00031053455728789336,
fips,18069,2425,0.00026478421287733523,
fips,18071,2353,0.0002569225785156164,
fips,18073,1642,0.00017928893919364307,
fips,18075,1403,0.000153192680687382,
fips,18077,1687,0.00018420246066971733,
fips,18079,1416,0.00015461214244713678,
fips,18081,2953,0.0003224361981966066,
fips,18083,2509,0.0002739561196326739,
fips,18085,4498,0.0004911337688751563,
fips,18087,1397,0.0001525375444905721,
fips,18089,11374,0.0012419198504193035,
fips,18091,4234,0.0004623077762155206,
fips,18093,1954,0.00021335602142775797,
fips,18095,4377,0.0004779218555728232,
fips,18097,14157,0.001545793856372963,
fips,18099,2474,0.00027013449181794943,
fips,18101,1341,0.000146422939987013,
fips,18103,1901,0.00020756898502260384,
fips,18105,2636,0.00028782316913181677,
fips,18107,1731,0.00018900679277965662,
fips,18109,2840,0.00031009779982335344,
fips,18111,1078,0.00011770613669351233,
fips,18113,1943,0.00021215493840027314,
fips,18115,268,2.9262750124175606e-05,
fips,18117,1644,0.00017950731792591305,
fips,18119,1102,0.00012032668148075193,
fips,18121,1245,0.0001359407608380546,
fips,18123,1233,0.00013463048844443478,
fips,18125,1738,0.00018977111834260152,
fips,18127,3813,0.0004163390530726925,
fips,18129,1579,0.0001724100091271391,
fips,18131,1339,0.00014620456125474305,
fips,18133,1523,0.00016629540462358004,
fips,18135,2009,0.00021936143656518207,
fips,18137,1620,0.00017688677313867343,
fips,18139,1137,0.00012414830929547636,
fips,18141,8437,0.0009212306820808567,
fips,18143,962,0.00010504017022185423,
fips,18145,2026,0.0002212176557894768,
fips,18147,2142,0.0002338836222611349,
fips,18149,1396,0.00015242835512443713,
fips,18151,1749,0.00019097220137008632,
fips,18153,1758,0.00019195490566530118,
fips,18155,630,6.878930066503967e-05,
fips,18157,3567,0.0003894784690034865,
fips,18159,965,0.00010536773832025917,
fips,18161,663,7.239254974749413e-05,
fips,18163,3891,0.0004248558236312212,
fips,18165,1494,0.0001631289130056655,
fips,18167,5126,0.000559704690807926,
fips,18169,2105,0.00022984361571414048,
fips,18171,848,9.25925824824661e-05,
fips,18173,1945,0.00021237331713254312,
fips,18175,1919,0.00020953439361303354,
fips,18177,3014,0.0003290967495308406,
fips,18179,1665,0.0001818002946147477,
fips,18181,1801,0.00019665004840910548,
fips,18183,1217,0.00013288345858627505,
fips,19001,1340,0.00014631375062087803,
fips,19003,1210,0.00013211913302333016,
fips,19005,1245,0.0001359407608380546,
fips,19007,1382,0.00015089970399854736,
fips,19009,987,0.00010776990437522882,
fips,19011,2126,0.00023213659240297515,
fips,19013,4516,0.0004930991774655859,
fips,19015,2098,0.0002290792901511956,
fips,19017,1505,0.00016432999603315033,
fips,19019,1765,0.00019271923122824607,
fips,19021,1511,0.00016498513222996022,
fips,19023,1543,0.0001684791919462797,
fips,19025,1563,0.00017066297926897938,
fips,19027,1741,0.00019009868644100645,
fips,19029,1631,0.00017808785616615826,
fips,19031,1536,0.00016771486638333483,
fips,19033,2377,0.00025954312330285604,
fips,19035,1529,0.00016695054082038993,
fips,19037,1364,0.00014893429540811765,
fips,19039,973,0.00010624125324933905,
fips,19041,1635,0.0001785246136306982,
fips,19043,1591,0.00017372028152075892,
fips,19045,2222,0.00024261877155193356,
fips,19047,2120,0.00023148145620616525,
fips,19049,2759,0.00030125346116641975,
fips,19051,1262,0.00013779698006234932,
fips,19053,1207,0.00013179156492492522,
fips,19055,1524,0.00016640459398971501,
fips,19057,1900,0.00020745979565646886,
fips,19059,1470,0.0001605083682184259,
fips,19061,2726,0.0002976502120839653,
fips,19063,985,0.00010755152564295885,
fips,19065,2003,0.00021870630036837217,
fips,19067,1523,0.00016629540462358004,
fips,19069,1482,0.0001618186406120457,
fips,19071,1309,0.00014292888027069353,
fips,19073,1427,0.00015581322547462162,
fips,19075,1049,0.0001145396450755978,
fips,19077,1490,0.00016269215554112559,
fips,19079,1487,0.00016236458744272063,
fips,19081,1400,0.00015286511258897706,
fips,19083,1804,0.00019697761650751042,
fips,19085,1825,0.00019927059319634508,
fips,19087,1657,0.00018092677968566784,
fips,19089,1008,0.00011006288106406348,
fips,19091,1180,0.00012884345203928067,
fips,19093,1170,0.0001277515583779308,
fips,19095,1451,0.00015843377026186122,
fips,19097,1640,0.00017907056046137312,
fips,19099,2541,0.00027745017934899333,
fips,19101,1410,0.0001539570062503269,
fips,19103,3234,0.000353118410080537,
fips,19105,1520,0.00016596783652517508,
fips,19107,1270,0.0001386704949914292,
fips,19109,2224,0.00024283715028420354,
fips,19111,2109,0.00023028037317868042,
fips,19113,5639,0.0006157188356351725,
fips,19115,1112,0.00012141857514210177,
fips,19117,880,9.608664219878558e-05,
fips,19119,1100,0.00012010830274848197,
fips,19121,1549,0.00016913432814308962,
fips,19123,1582,0.00017273757722554407,
fips,19125,1756,0.00019173652693303122,
fips,19127,2126,0.00023213659240297515,
fips,19129,1269,0.0001385613056252942,
fips,19131,1189,0.00012982615633449552,
fips,19133,1613,0.00017612244757572856,
fips,19135,812,8.866176530160668e-05,
fips,19137,1425,0.00015559484674235164,
fips,19139,2010,0.00021947062593131704,
fips,19141,1588,0.00017339271342235396,
fips,19143,1000,0.0001091893661349836,
fips,19145,1705,0.00018616786926014704,
fips,19147,1547,0.00016891594941081963,
fips,19149,2066,0.00022558523043487614,
fips,19151,1538,0.00016793324511560478,
fips,19153,8680,0.0009477636980516577,
fips,19155,4092,0.0004468028862243529,
fips,19157,1738,0.00018977111834260152,
fips,19159,2766,0.00030201778672936467,
fips,19161,1630,0.0001779786668000233,
fips,19163,4959,0.0005414700666633837,
fips,19165,1569,0.00017131811546578928,
fips,19167,2091,0.00022831496458825071,
fips,19169,2896,0.0003162124043269125,
fips,19171,1886,0.0002059311445305791,
fips,19173,2830,0.0003090059061620036,
fips,19175,1924,0.00021008034044370846,
fips,19177,981,0.00010711476817841892,
fips,19179,2145,0.00023421119035953983,
fips,19181,1970,0.0002151030512859177,
fips,19183,1588,0.00017339271342235396,
fips,19185,1401,0.00015297430195511204,
fips,19187,2581,0.0002818177539943927,
fips,19189,998,0.00010897098740271364,
fips,19191,1555,0.0001697894643398995,
fips,19193,4903,0.0005353554621598247,
fips,19195,1119,0.00012218290070504666,
fips,19197,1674,0.00018278299890996254,
fips,20001,2404,0.00026249123618850057,
fips,20003,1935,0.0002112814234711933,
fips,20005,1295,0.00014140022914480377,
fips,20007,1174,0.00012818831584247075,
fips,20009,2574,0.0002810534284314478,
fips,20011,2134,0.00023301010733205502,
fips,20013,1670,0.00018234624144542263,
fips,20015,3789,0.0004137185082854529,
fips,20017,1152,0.0001257861497875011,
fips,20019,1149,0.00012545858168909617,
fips,20021,2155,0.00023530308402088969,
fips,20023,857,9.357528677768095e-05,
fips,20025,782,8.538608431755718e-05,
fips,20027,1817,0.0001983970782672652,
fips,20029,1514,0.00016531270032836518,
fips,20031,2518,0.0002749388239278887,
fips,20033,530,5.7870364051541313e-05,
fips,20035,2833,0.0003093334742604086,
fips,20037,3470,0.0003788871004883931,
fips,20039,917,0.00010012664874577997,
fips,20041,3209,0.0003503886759271624,
fips,20043,954,0.00010416665529277437,
fips,20045,3329,0.00036349139986336043,
fips,20047,867,9.466718043903079e-05,
fips,20049,1251,0.00013659589703486448,
fips,20051,2395,0.00026150853189328574,
fips,20053,1379,0.0001505721359001424,
fips,20055,1836,0.00020047167622382991,
fips,20057,2298,0.00025091716337819235,
fips,20059,2558,0.0002793063985732881,
fips,20061,1839,0.00020079924432223485,
fips,20063,853,9.313852931314102e-05,
fips,20065,859,9.379366550995091e-05,
fips,20067,952,0.0001039482765605044,
fips,20069,1042,0.00011377531951265292,
fips,20071,452,4.935359349301259e-05,
fips,20073,1872,0.00020440249340468932,
fips,20075,674,7.359363277497895e-05,
fips,20077,1444,0.00015766944469891632,
fips,20079,2075,0.000226567934730091,
fips,20081,922,0.00010067259557645488,
fips,20083,704,7.686931375902846e-05,
fips,20085,1377,0.00015035375716787242,
fips,20087,2293,0.00025037121654751743,
fips,20089,1523,0.00016629540462358004,
fips,20091,9044,0.0009875086273247917,
fips,20093,836,9.12823100888463e-05,
fips,20095,1555,0.0001697894643398995,
fips,20097,755,8.243797143191262e-05,
fips,20099,2888,0.00031533888939783264,
fips,20101,535,5.841631088221623e-05,
fips,20103,2309,0.0002521182464056771,
fips,20105,914,9.979908064737502e-05,
fips,20107,2223,0.00024272796091806857,
fips,20109,755,8.243797143191262e-05,
fips,20111,3426,0.00037408276837845383,
fips,20113,2662,0.00029066209265132635,
fips,20115,2787,0.00030431076341819934,
fips,20117,2988,0.000326257826011331,
fips,20119,1144,0.00012491263485842126,
fips,20121,2896,0.0003162124043269125,
fips,20123,1260,0.00013757860133007933,
fips,20125,3494,0.00038150764527563274,
fips,20127,1672,0.0001825646201776926,
fips,20129,792,8.647797797890701e-05,
fips,20131,2164,0.00023628578831610454,
fips,20133,1772,0.00019348355679119094,
fips,20135,963,0.00010514935958798922,
fips,20137,1124,0.00012272884753572157,
fips,20139,2088,0.00022798739648984578,
fips,20141,1274,0.0001391072524559691,
fips,20143,1036,0.00011312018331584302,
fips,20145,1272,0.00013888887372369915,
fips,20147,1498,0.00016356567047020543,
fips,20149,2570,0.0002806166709669079,
fips,20151,1345,0.00014685969745155294,
fips,20153,818,8.931690149841659e-05,
fips,20155,3945,0.0004307520494025103,
fips,20157,1903,0.0002077873637548738,
fips,20159,1682,0.00018365651383904242,
fips,20161,2196,0.000239779848032424,
fips,20163,1425,0.00015559484674235164,
fips,20165,1075,0.00011737856859510737,
fips,20167,1367,0.00014926186350652259,
fips,20169,2458,0.0002683874619597897,
fips,20171,782,8.538608431755718e-05,
fips,20173,12736,0.0013906357670951512,
fips,20175,1384,0.0001511180827308173,
fips,20177,5661,0.0006181210016901422,
fips,20179,928,0.00010132773177326479,
fips,20181,1145,0.00012502182422455624,
fips,20183,1453,0.00015865214899413117,
fips,20185,1475,0.00016105431504910081,
fips,20187,635,6.93352474957146e-05,
fips,20189,926,0.00010110935304099482,
fips,20191,3257,0.0003556297655016416,
fips,20193,1398,0.00015264673385670708,
fips,20195,952,0.0001039482765605044,
fips,20197,1679,0.0001833289457406375,
fips,20199,437,4.7715753000987836e-05,
fips,20201,2430,0.00026533015970801015,
fips,20203,663,7.239254974749413e-05,
fips,20205,2038,0.00022252792818309658,
fips,20207,1299,0.0001418369866093437,
fips,20209,3430,0.0003745195258429938,
fips,21001,1273,0.00013899806308983412,
fips,21003,980,0.00010700557881228393,
fips,21005,877,9.575907410038062e-05,
fips,21007,988,0.00010787909374136381,
fips,21009,2150,0.00023475713719021474,
fips,21011,840,9.171906755338623e-05,
fips,21013,1484,0.00016203701934431567,
fips,21015,1388,0.00015155484019535725,
fips,21017,1120,0.00012229209007118163,
fips,21019,1861,0.0002032014103772045,
fips,21021,1149,0.00012545858168909617,
fips,21023,603,6.584118777939511e-05,
fips,21025,880,9.608664219878558e-05,
fips,21027,1373,0.0001499169997033325,
fips,21029,1749,0.00019097220137008632,
fips,21031,951,0.00010383908719436941,
fips,21033,1080,0.0001179245154257823,
fips,21035,2173,0.0002372684926113194,
fips,21037,1703,0.00018594949052787708,
fips,21039,773,8.440338002234233e-05,
fips,21041,787,8.59320311482321e-05,
fips,21043,1460,0.00015941647455707607,
fips,21045,929,0.00010143692113939976,
fips,21047,2674,0.0002919723650449462,
fips,21049,1115,0.00012174614324050672,
fips,21051,1112,0.00012141857514210177,
fips,21053,676,7.381201150724892e-05,
fips,21055,787,8.59320311482321e-05,
fips,21057,732,7.9926616010808e-05,
fips,21059,3192,0.00034853245670286767,
fips,21061,440,4.804332109939279e-05,
fips,21063,546,5.961739390970105e-05,
fips,21065,562,6.136442376786079e-05,
fips,21067,4045,0.0004416709860160087,
fips,21069,1128,0.0001231656050002615,
fips,21071,1951,0.000213028453329353,
fips,21073,1764,0.0001926100418621111,
fips,21075,826,9.019041642749646e-05,
fips,21077,619,6.758821763755485e-05,
fips,21079,734,8.014499474307797e-05,
fips,21081,1213,0.00013244670112173512,
fips,21083,3359,0.0003667670808474099,
fips,21085,1497,0.00016345648110407046,
fips,21087,796,8.691473544344695e-05,
fips,21089,1924,0.00021008034044370846,
fips,21091,852,9.302933994700603e-05,
fips,21093,3508,0.0003830362964015225,
fips,21095,1927,0.00021040790854211342,
fips,21097,990,0.00010809747247363378,
fips,21099,1214,0.0001325558904878701,
fips,21101,1887,0.00020604033389671407,
fips,21103,940,0.00010263800416688459,
fips,21105,905,9.881637635216017e-05,
fips,21107,2807,0.000306494550740899,
fips,21109,794,8.669635671117698e-05,
fips,21111,12575,0.0013730562791474188,
fips,21113,1306,0.0001426013121722886,
fips,21115,1046,0.00011421207697719286,
fips,21117,3575,0.0003903519839325664,
fips,21119,719,7.850715425105321e-05,
fips,21121,1437,0.00015690511913597145,
fips,21123,938,0.00010241962543461462,
fips,21125,2382,0.00026008907013353095,
fips,21127,1159,0.000126550475350446,
fips,21129,504,5.503144053203174e-05,
fips,21131,988,0.00010787909374136381,
fips,21133,1244,0.0001358315714719196,
fips,21135,1140,0.00012447587739388132,
fips,21137,1213,0.00013244670112173512,
fips,21139,1145,0.00012502182422455624,
fips,21141,1979,0.00021608575558113255,
fips,21143,1068,0.00011661424303216249,
fips,21145,3240,0.00035377354627734686,
fips,21147,946,0.00010329314036369449,
fips,21149,1050,0.00011464883444173278,
fips,21151,2777,0.00030321886975684945,
fips,21153,575,6.278388552761558e-05,
fips,21155,1208,0.0001319007542910602,
fips,21157,2643,0.0002885874946947617,
fips,21159,480,5.241089574479213e-05,
fips,21161,1165,0.0001272056115472559,
fips,21163,1050,0.00011464883444173278,
fips,21165,422,4.6077912508963085e-05,
fips,21167,1211,0.00013222832238946514,
fips,21169,938,0.00010241962543461462,
fips,21171,874,9.543150600197567e-05,
fips,21173,892,9.739691459240538e-05,
fips,21175,923,0.00010078178494258987,
fips,21177,2148,0.0002345387584579448,
fips,21179,1643,0.00017939812855977808,
fips,21181,514,5.612333419338157e-05,
fips,21183,1999,0.00021826954290383224,
fips,21185,1500,0.00016378404920247542,
fips,21187,876,9.564988473424564e-05,
fips,21189,507,5.535900863043669e-05,
fips,21191,899,9.816124015535026e-05,
fips,21193,1586,0.000173174334690084,
fips,21195,1884,0.0002057127657983091,
fips,21197,668,7.293849657816905e-05,
fips,21199,3831,0.0004183044616631222,
fips,21201,253,2.762490963215085e-05,
fips,21203,947,0.00010340232972982947,
fips,21205,892,9.739691459240538e-05,
fips,21207,1275,0.0001392164418221041,
fips,21209,1792,0.00019566734411389063,
fips,21211,1831,0.00019992572939315497,
fips,21213,964,0.0001052585489541242,
fips,21215,686,7.490390516859875e-05,
fips,21217,1204,0.00013146399682652027,
fips,21219,910,9.936232318283508e-05,
fips,21221,1282,0.00013998076738504898,
fips,21223,493,5.383035750454692e-05,
fips,21225,1357,0.00014816996984517276,
fips,21227,3203,0.0003497335397303525,
fips,21229,781,8.52768949514222e-05,
fips,21231,1081,0.00011803370479191728,
fips,21233,1778,0.00019413869298800086,
fips,21235,1988,0.0002170684598763474,
fips,21237,486,5.3066031941602036e-05,
fips,21239,893,9.750610395854036e-05,
fips,22001,2739,0.0002990696738437201,
fips,22003,1369,0.00014948024223879257,
fips,22005,2254,0.00024611283126825306,
fips,22007,776,8.473094812074727e-05,
fips,22009,1885,0.0002058219551644441,
fips,22011,2647,0.0002890242521593016,
fips,22013,1431,0.00015624998293916153,
fips,22015,2672,0.0002917539863126762,
fips,22017,6742,0.0007361547064820595,
fips,22019,5255,0.0005737901190393388,
fips,22021,750,8.189202460123771e-05,
fips,22023,997,0.00010886179803657866,
fips,22025,972,0.00010613206388320407,
fips,22027,1158,0.00012644128598431103,
fips,22029,1203,0.0001313548074603853,
fips,22031,2194,0.00023956146930015403,
fips,22033,7532,0.0008224143057286965,
fips,22035,557,6.081847693718587e-05,
fips,22037,676,7.381201150724892e-05,
fips,22039,2006,0.0002190338684667771,
fips,22041,1069,0.00011672343239829748,
fips,22043,1588,0.00017339271342235396,
fips,22045,2374,0.0002592155552044511,
fips,22047,1495,0.0001632381023718005,
fips,22049,1338,0.00014609537188860807,
fips,22051,8463,0.0009240696056003663,
fips,22053,1833,0.00020014410812542495,
fips,22055,5256,0.0005738993084054738,
fips,22057,3438,0.00037539304077207367,
fips,22059,1562,0.0001705537899028444,
fips,22061,1602,0.00017492136454824373,
fips,22063,2139,0.00023355605416272994,
fips,22065,1121,0.0001224012794373166,
fips,22067,1454,0.00015876133836026618,
fips,22069,2960,0.00032320052375955146,
fips,22071,11635,0.0012704182749805342,
fips,22073,4343,0.0004742094171242338,
fips,22075,2228,0.00024327390774874348,
fips,22077,1008,0.00011006288106406348,
fips,22079,4888,0.0005337176216677999,
fips,22081,765,8.352986509326245e-05,
fips,22083,1382,0.00015089970399854736,
fips,22085,1672,0.0001825646201776926,
fips,22087,2473,0.0002700253024518145,
fips,22089,1426,0.00015570403610848661,
fips,22091,462,5.0445487154362425e-05,
fips,22093,1060,0.00011574072810308263,
fips,22095,1336,0.0001458769931563381,
fips,22097,3878,0.0004234363618714664,
fips,22099,2003,0.00021870630036837217,
fips,22101,3098,0.00033826865628617923,
fips,22103,7036,0.0007682563801257446,
fips,22105,3120,0.00034067082234114885,
fips,22107,833,9.095474199044135e-05,
fips,22109,3726,0.00040683957821894894,
fips,22111,1466,0.00016007161075388596,
fips,22113,2871,0.00031348267017353794,
fips,22115,3723,0.000406512010120544,
fips,22117,2223,0.00024272796091806857,
fips,22119,2728,0.0002978685908162353,
fips,22121,977,0.00010667801071387899,
fips,22123,740,8.080013093988786e-05,
fips,22125,595,6.496767285031525e-05,
fips,22127,1459,0.0001593072851909411,
fips,23001,2853,0.00031151726158310823,
fips,23003,6179,0.0006746810933480637,
fips,23005,6051,0.0006607048544827858,
fips,23007,1867,0.00020385654657401438,
fips,23009,3184,0.0003476589417737878,
fips,23011,3112,0.00033979730741206897,
fips,23013,1550,0.0001692435175092246,
fips,23015,1457,0.0001590889064586711,
fips,23017,3008,0.0003284416133340307,
fips,23019,5107,0.0005576300928513613,
fips,23021,3225,0.0003521357057853221,
fips,23023,1048,0.00011443045570946281,
fips,23025,4035,0.00044057909235465883,
fips,23027,1676,0.00018300137764223253,
fips,23029,3388,0.00036993357246532446,
fips,23031,5358,0.0005850366237512422,
fips,24001,2777,0.00030321886975684945,
fips,24003,6956,0.000759521230834946,
fips,24005,10413,0.0011369888695635844,
fips,24009,1412,0.00015417538498259685,
fips,24011,1430,0.00015614079357302655,
fips,24013,3276,0.00035770436345820627,
fips,24015,2541,0.00027745017934899333,
fips,24017,2344,0.0002559398742204016,
fips,24019,2300,0.0002511355421104623,
fips,24021,5529,0.0006037080053603244,
fips,24023,1897,0.0002071322275580639,
fips,24025,3776,0.0004122990465256981,
fips,24027,2711,0.00029601237159194055,
fips,24029,1075,0.00011737856859510737,
fips,24031,11450,0.0012502182422455624,
fips,24033,9897,0.0010806471566379328,
fips,24035,1254,0.00013692346513326944,
fips,24037,2128,0.00023235497113524513,
fips,24039,1727,0.00018857003531511668,
fips,24041,1397,0.0001525375444905721,
fips,24043,3702,0.0004042190334317093,
fips,24045,3394,0.0003705887086621344,
fips,24047,2923,0.0003191605172125571,
fips,24510,10548,0.0011517294339918071,
fips,25001,8548,0.0009333507017218399,
fips,25003,5597,0.0006111328822575033,
fips,25005,11072,0.0012089446618465385,
fips,25007,1261,0.00013768779069621434,
fips,25009,12982,0.0014174963511643572,
fips,25011,4073,0.00044472828826778825,
fips,25013,8983,0.0009808480759905577,
fips,25015,3946,0.0004308612387686453,
fips,25017,25514,0.0027858574875679718,
fips,25019,679,7.413957960565387e-05,
fips,25021,12035,0.0013140940214345278,
fips,25023,10143,0.0011075077407071386,
fips,25025,7917,0.0008644522116906653,
fips,25027,17960,0.0019610410157843055,
fips,26001,1088,0.00011879803035486216,
fips,26003,1536,0.00016771486638333483,
fips,26005,4292,0.00046864075945134967,
fips,26007,1642,0.00017928893919364307,
fips,26009,1931,0.00021084466600665335,
fips,26011,1513,0.0001652035109622302,
fips,26013,1666,0.0001819094839808827,
fips,26015,2748,0.00030005237813893497,
fips,26017,3384,0.00036949681500078455,
fips,26019,1570,0.00017142730483192425,
fips,26021,6081,0.0006639805354668354,
fips,26023,2144,0.00023410200099340485,
fips,26025,5000,0.000545946830674918,
fips,26027,2730,0.00029808696954850526,
fips,26029,1839,0.00020079924432223485,
fips,26031,2594,0.0002832372157541475,
fips,26033,3065,0.0003346654072037248,
fips,26035,2193,0.00023945227993401905,
fips,26037,2714,0.0002963399396903455,
fips,26039,1950,0.00021291926396321804,
fips,26041,2144,0.00023410200099340485,
fips,26043,2146,0.00023432037972567483,
fips,26045,3168,0.00034591191191562804,
fips,26047,1820,0.00019872464636567016,
fips,26049,8540,0.00093247718679276,
fips,26051,1675,0.00018289218827609755,
fips,26053,1670,0.00018234624144542263,
fips,26055,2765,0.00030190859736322967,
fips,26057,2395,0.00026150853189328574,
fips,26059,2601,0.00028400154131709237,
fips,26061,2400,0.00026205447872396066,
fips,26063,3017,0.00032942431762924553,
fips,26065,6115,0.0006676929739154248,
fips,26067,2660,0.0002904437139190564,
fips,26069,1806,0.0001971959952397804,
fips,26071,1880,0.00020527600833376917,
fips,26073,2526,0.0002758123388569686,
fips,26075,5315,0.0005803414810074378,
fips,26077,5257,0.0005740084977716089,
fips,26079,1973,0.00021543061938432266,
fips,26081,10569,0.0011540224106806418,
fips,26083,598,6.52952409487202e-05,
fips,26085,1929,0.00021062628727438337,
fips,26087,2939,0.0003209075470707168,
fips,26089,1459,0.0001593072851909411,
fips,26091,3609,0.00039406442238115584,
fips,26093,4760,0.000519741382802522,
fips,26095,1012,0.0001104996385286034,
fips,26097,1544,0.0001685883813124147,
fips,26099,12378,0.0013515459740188272,
fips,26101,2270,0.0002478598611264128,
fips,26103,4382,0.0004784678024034982,
fips,26105,1846,0.00020156356988517974,
fips,26107,2429,0.0002652209703418752,
fips,26109,1908,0.00020833331058554873,
fips,26111,2425,0.00026478421287733523,
fips,26113,1457,0.0001590889064586711,
fips,26115,4233,0.0004621985868493856,
fips,26117,3192,0.00034853245670286767,
fips,26119,1534,0.00016749648765106484,
fips,26121,4930,0.0005383035750454692,
fips,26123,3154,0.0003443832607897383,
fips,26125,18678,0.002039438980669224,
fips,26127,2684,0.000293064258706296,
fips,26129,1558,0.00017011703243830447,
fips,26131,1205,0.00013157318619265524,
fips,26133,1651,0.00018027164348885792,
fips,26135,1189,0.00012982615633449552,
fips,26137,1743,0.00019031706517327643,
fips,26139,5210,0.0005688765975632646,
fips,26141,1541,0.00016826081321400974,
fips,26143,2176,0.00023759606070972432,
fips,26145,6318,0.0006898584152408264,
fips,26147,4880,0.00053284410673872,
fips,26149,3550,0.0003876222497791918,
fips,26151,2693,0.00029404696300151085,
fips,26153,1600,0.00017470298581597377,
fips,26155,2988,0.000326257826011331,
fips,26157,3011,0.00032876918143243567,
fips,26159,3791,0.00041393688701772284,
fips,26161,6563,0.0007166098099438974,
fips,26163,33172,0.0036220296534296764,
fips,26165,1961,0.00021412034699070284,
fips,27001,2340,0.0002555031167558616,
fips,27003,6878,0.0007510044602764172,
fips,27005,3156,0.00034460163952200826,
fips,27007,3346,0.00036534761908765513,
fips,27009,1387,0.00015144565082922227,
fips,27011,1145,0.00012502182422455624,
fips,27013,3130,0.0003417627160024987,
fips,27015,1788,0.0001952305866493507,
fips,27017,1943,0.00021215493840027314,
fips,27019,2669,0.0002914264182142712,
fips,27021,3633,0.00039668496716839546,
fips,27023,1780,0.00019435707172027082,
fips,27025,2182,0.00023825119690653424,
fips,27027,2865,0.000312827533976728,
fips,27029,1432,0.00015635917230529653,
fips,27031,1445,0.00015777863406505132,
fips,27033,1561,0.0001704446005367094,
fips,27035,4156,0.00045379100565699185,
fips,27037,7247,0.0007912953363802262,
fips,27039,1318,0.00014391158456590839,
fips,27041,2348,0.0002563766316849415,
fips,27043,2227,0.0002431647183826085,
fips,27045,1903,0.0002077873637548738,
fips,27047,2693,0.00029404696300151085,
fips,27049,2685,0.00029317344807243097,
fips,27051,1164,0.00012709642218112092,
fips,27053,20032,0.002187281382415992,
fips,27055,1667,0.00018201867334701767,
fips,27057,2175,0.00023748687134358935,
fips,27059,2227,0.0002431647183826085,
fips,27061,4526,0.0004941910711269358,
fips,27063,1574,0.0001718640622964642,
fips,27065,1320,0.00014412996329817837,
fips,27067,2578,0.00028149018589598775,
fips,27069,1771,0.00019337436742505597,
fips,27071,1994,0.00021772359607315732,
fips,27073,1662,0.00018147272651634276,
fips,27075,1920,0.00020964358297916852,
fips,27077,1513,0.0001652035109622302,
fips,27079,1575,0.00017197325166259917,
fips,27081,1419,0.00015493971054554174,
fips,27083,1917,0.00020931601488076359,
fips,27085,2094,0.00022864253268665567,
fips,27087,830,9.062717389203639e-05,
fips,27089,2372,0.0002589971764721811,
fips,27091,1982,0.0002164133236795375,
fips,27093,2347,0.00025626744231880655,
fips,27095,1994,0.00021772359607315732,
fips,27097,2861,0.0003123907765121881,
fips,27099,2236,0.00024414742267782336,
fips,27101,1441,0.0001573418766005114,
fips,27103,1609,0.00017568569011118862,
fips,27105,2101,0.00022940685824960057,
fips,27107,1553,0.00016957108560762955,
fips,27109,3299,0.00036021571887931094,
fips,27111,6569,0.0007172649461407073,
fips,27113,1150,0.00012556777105523115,
fips,27115,2475,0.00027024368118408443,
fips,27117,1544,0.0001685883813124147,
fips,27119,3536,0.000386093598653302,
fips,27121,1615,0.00017634082630799852,
fips,27123,8657,0.0009452523426305531,
fips,27125,669,7.304768594430404e-05,
fips,27127,2591,0.00028290964765574254,
fips,27129,2399,0.00026194528935782565,
fips,27131,2183,0.00023836038627266922,
fips,27133,1051,0.00011475802380786777,
fips,27135,1927,0.00021040790854211342,
fips,27137,12071,0.001318024838615387,
fips,27139,2887,0.0003152297000316977,
fips,27141,2946,0.0003216718726336617,
fips,27143,1456,0.00015897971709253613,
fips,27145,5960,0.0006507686221645023,
fips,27147,1588,0.00017339271342235396,
fips,27149,1155,0.00012611371788590607,
fips,27151,2045,0.00022329225374604147,
fips,27153,2302,0.00025135392084273226,
fips,27155,926,0.00010110935304099482,
fips,27157,1936,0.00021139061283732827,
fips,27159,1316,0.00014369320583363843,
fips,27161,1256,0.0001371418438655394,
fips,27163,5025,0.0005486765648282926,
fips,27165,1165,0.0001272056115472559,
fips,27167,1293,0.0001411818504125338,
fips,27169,2345,0.00025604906358653654,
fips,27171,3960,0.0004323898898945351,
fips,27173,1831,0.00019992572939315497,
fips,28001,1053,0.00011497640254013774,
fips,28003,1617,0.0001765592050402685,
fips,28005,1026,0.00011202828965449319,
fips,28007,1298,0.00014172779724320873,
fips,28009,597,6.518605158258522e-05,
fips,28011,2361,0.0002577960934446963,
fips,28013,858,9.368447614381594e-05,
fips,28015,838,9.150068882111626e-05,
fips,28017,1004,0.00010962612359952354,
fips,28019,897,9.794286142308029e-05,
fips,28021,558,6.0927666303320855e-05,
fips,28023,1283,0.00014008995675118395,
fips,28025,1027,0.00011213747902062816,
fips,28027,1668,0.00018212786271315265,
fips,28029,1450,0.00015832458089572624,
fips,28031,1410,0.0001539570062503269,
fips,28033,2576,0.0002812718071637178,
fips,28035,2798,0.0003055118464456841,
fips,28037,923,0.00010078178494258987,
fips,28039,1075,0.00011737856859510737,
fips,28041,1067,0.00011650505366602751,
fips,28043,1063,0.00011606829620148757,
fips,28045,2372,0.0002589971764721811,
fips,28047,6397,0.0006984843751654901,
fips,28049,5617,0.000613316669580203,
fips,28051,1247,0.00013615913957032454,
fips,28053,832,9.084555262430636e-05,
fips,28055,369,4.029087610380895e-05,
fips,28057,1196,0.0001305904818974404,
fips,28059,3989,0.0004355563815124496,
fips,28061,1055,0.00011519478127240771,
fips,28063,502,5.481306179976177e-05,
fips,28065,893,9.750610395854036e-05,
fips,28067,2988,0.000326257826011331,
fips,28069,720,7.861634361718819e-05,
fips,28071,1586,0.000173174334690084,
fips,28073,1699,0.00018551273306333715,
fips,28075,3125,0.00034121676917182376,
fips,28077,806,8.800662910479679e-05,
fips,28079,1181,0.00012895264140541565,
fips,28081,2757,0.0003010350824341498,
fips,28083,1803,0.00019686842714137544,
fips,28085,1734,0.00018933436087806158,
fips,28087,2503,0.00027330098343586397,
fips,28089,3001,0.0003276772877710858,
fips,28091,1299,0.0001418369866093437,
fips,28093,1229,0.00013419373097989484,
fips,28095,2329,0.00025430203372837684,
fips,28097,860,9.39028548760859e-05,
fips,28099,1455,0.00015887052772640115,
fips,28101,1494,0.0001631289130056655,
fips,28103,792,8.647797797890701e-05,
fips,28105,1465,0.00015996242138775098,
fips,28107,1499,0.00016367485983634044,
fips,28109,2171,0.0002370501138790494,
fips,28111,1011,0.00011039044916246843,
fips,28113,1925,0.00021018952980984343,
fips,28115,1446,0.0001578878234311863,
fips,28117,1304,0.00014238293344001862,
fips,28119,764,8.342067572712748e-05,
fips,28121,3115,0.00034012487551047393,
fips,28123,1437,0.00015690511913597145,
fips,28125,565,6.169199186626573e-05,
fips,28127,1551,0.00016935270687535957,
fips,28129,1040,0.00011355694078038295,
fips,28131,904,9.870718698602518e-05,
fips,28133,1712,0.00018693219482309194,
fips,28135,975,0.00010645963198160902,
fips,28137,781,8.52768949514222e-05,
fips,28139,1094,0.00011945316655167207,
fips,28141,1476,0.0001611635044152358,
fips,28143,988,0.00010787909374136381,
fips,28145,1238,0.0001351764352751097,
fips,28147,738,8.05817522076179e-05,
fips,28149,1403,0.000153192680687382,
fips,28151,2668,0.00029131722884813627,
fips,28153,1265,0.00013812454816075425,
fips,28155,1035,0.00011301099394970804,
fips,28157,668,7.293849657816905e-05,
fips,28159,1106,0.00012076343894529187,
fips,28161,879,9.597745283265059e-05,
fips,28163,1307,0.00014271050153842358,
fips,29001,1609,0.00017568569011118862,
fips,29003,2101,0.00022940685824960057,
fips,29005,1053,0.00011497640254013774,
fips,29007,3460,0.0003777952068270433,
fips,29009,3684,0.0004022536248412796,
fips,29011,2465,0.0002691517875227346,
fips,29013,2797,0.00030540265707954917,
fips,29015,2688,0.00029350101617083593,
fips,29017,1211,0.00013222832238946514,
fips,29019,4205,0.00045914128459760605,
fips,29021,4644,0.0005070754163308638,
fips,29023,3038,0.0003317172943180802,
fips,29025,3114,0.0003400156861443389,
fips,29027,3827,0.00041786770419858225,
fips,29029,2315,0.00025277338260248705,
fips,29031,2892,0.0003157756468623726,
fips,29033,1549,0.00016913432814308962,
fips,29035,723,7.894391171559315e-05,
fips,29037,3802,0.0004151379700452077,
fips,29039,2351,0.00025670419978334646,
fips,29041,3212,0.0003507162440255673,
fips,29043,2937,0.00032068916833844684,
fips,29045,1453,0.00015865214899413117,
fips,29047,5347,0.0005838355407237573,
fips,29049,1365,0.00014904348477425263,
fips,29051,1967,0.00021477548318751276,
fips,29053,1435,0.00015668674040370147,
fips,29055,1575,0.00017197325166259917,
fips,29057,2392,0.0002611809637948808,
fips,29059,1255,0.00013703265449940442,
fips,29061,2899,0.0003165399724253175,
fips,29063,3217,0.00035126219085624224,
fips,29065,1425,0.00015559484674235164,
fips,29067,1736,0.00018955273961033153,
fips,29069,2847,0.0003108621253862983,
fips,29071,3719,0.000406075252656004,
fips,29073,1469,0.00016039917885229092,
fips,29075,1038,0.00011333856204811298,
fips,29077,7554,0.0008248164717836662,
fips,29079,1388,0.00015155484019535725,
fips,29081,2680,0.00029262750124175606,
fips,29083,2739,0.0002990696738437201,
fips,29085,1268,0.0001384521162591592,
fips,29087,1075,0.00011737856859510737,
fips,29089,2004,0.00021881548973450715,
fips,29091,2955,0.00032265457692887654,
fips,29093,1090,0.00011901640908713213,
fips,29095,15005,0.001638386438855429,
fips,29097,4991,0.0005449641263797031,
fips,29099,4843,0.0005288041001917256,
fips,29101,3022,0.00032997026445992045,
fips,29103,1766,0.00019282842059438105,
fips,29105,2875,0.00031391942763807785,
fips,29107,3037,0.0003316081049519452,
fips,29109,4241,0.00046307210177846546,
fips,29111,1116,0.00012185533260664171,
fips,29113,2782,0.0003037648165875244,
fips,29115,3740,0.0004083682293448387,
fips,29117,2153,0.0002350847052886197,
fips,29119,1413,0.00015428457434873183,
fips,29121,3705,0.0004045466015301143,
fips,29123,1132,0.00012360236246480145,
fips,29125,928,0.00010132773177326479,
fips,29127,1720,0.0001878057097521718,
fips,29129,766,8.363905445939744e-05,
fips,29131,1762,0.0001923916631298411,
fips,29133,1287,0.0001405267142157239,
fips,29135,2259,0.000246658778098928,
fips,29137,2550,0.0002784328836442082,
fips,29139,2542,0.00027755936871512834,
fips,29141,1522,0.00016618621525744506,
fips,29143,1947,0.00021259169586481308,
fips,29145,3653,0.0003988687544910951,
fips,29147,2293,0.00025037121654751743,
fips,29149,1122,0.00012251046880345162,
fips,29151,1023,0.00011170072155608823,
fips,29153,1606,0.00017535812201278366,
fips,29155,1715,0.0001872597629214969,
fips,29157,1089,0.00011890721972099715,
fips,29159,3688,0.0004026903823058195,
fips,29161,2494,0.0002723182791406491,
fips,29163,2233,0.0002438198545794184,
fips,29165,2565,0.00028007072413623296,
fips,29167,2700,0.0002948112885644557,
fips,29169,2189,0.0002390155224694791,
fips,29171,1170,0.0001277515583779308,
fips,29173,1535,0.00016760567701719985,
fips,29175,1781,0.0001944662610864058,
fips,29177,1661,0.00018136353715020778,
fips,29179,1292,0.0001410726610463988,
fips,29181,800,8.735149290798689e-05,
fips,29183,6728,0.0007346260553561697,
fips,29185,2705,0.00029535723539513063,
fips,29186,1106,0.00012076343894529187,
fips,29187,2914,0.0003181778129173422,
fips,29189,15634,0.0017070665501543337,
fips,29195,2660,0.0002904437139190564,
fips,29197,1173,0.00012807912647633577,
fips,29199,1731,0.00018900679277965662,
fips,29201,2403,0.0002623820468223656,
fips,29203,1128,0.0001231656050002615,
fips,29205,973,0.00010624125324933905,
fips,29207,3267,0.00035672165916299144,
fips,29209,2872,0.00031359185953967294,
fips,29211,2381,0.00025997988076739595,
fips,29213,2805,0.00030627617200862904,
fips,29215,2199,0.00024010741613082894,
fips,29217,3069,0.0003351021646682647,
fips,29219,2353,0.0002569225785156164,
fips,29221,1653,0.0001804900222211279,
fips,29223,1555,0.0001697894643398995,
fips,29225,2263,0.0002470955355634679,
fips,29227,419,4.575034441055813e-05,
fips,29229,1577,0.00017219163039486915,
fips,29510,8072,0.0008813765634415877,
fips,30001,2615,0.0002855301924429821,
fips,30003,2373,0.0002591063658383161,
fips,30005,1845,0.00020145438051904477,
fips,30007,1146,0.0001251310135906912,
fips,30009,1723,0.00018813327785057674,
fips,30011,1047,0.00011432126634332784,
fips,30013,4090,0.00044658450749208295,
fips,30015,1545,0.00016869757067854968,
fips,30017,1392,0.0001519915976598972,
fips,30019,554,6.049090883878092e-05,
fips,30021,1068,0.00011661424303216249,
fips,30023,914,9.979908064737502e-05,
fips,30025,851,9.292015058087105e-05,
fips,30027,1593,0.00017393866025302887,
fips,30029,6281,0.0006858184086938321,
fips,30031,5660,0.0006180118123240072,
fips,30033,1361,0.0001486067273097127,
fips,30035,1668,0.00018212786271315265,
fips,30037,559,6.103685566945584e-05,
fips,30039,950,0.00010372989782823443,
fips,30041,2628,0.0002869496542027369,
fips,30043,1606,0.00017535812201278366,
fips,30045,1080,0.0001179245154257823,
fips,30047,3398,0.0003710254661266743,
fips,30049,3900,0.00042583852792643607,
fips,30051,891,9.72877252262704e-05,
fips,30053,4412,0.0004817434833875477,
fips,30055,562,6.136442376786079e-05,
fips,30057,2097,0.00022897010078506063,
fips,30059,1066,0.00011639586429989252,
fips,30061,1129,0.00012327479436639649,
fips,30063,4999,0.0005458376413087831,
fips,30065,1032,0.00011268342585130308,
fips,30067,2078,0.00022689550282849592,
fips,30069,481,5.2520085110927114e-05,
fips,30071,1847,0.00020167275925131472,
fips,30073,1260,0.00013757860133007933,
fips,30075,1298,0.00014172779724320873,
fips,30077,1538,0.00016793324511560478,
fips,30079,461,5.033629778822744e-05,
fips,30081,3510,0.0003832546751337925,
fips,30083,1722,0.00018802408848444177,
fips,30085,1381,0.00015079051463241235,
fips,30087,1345,0.00014685969745155294,
fips,30089,2078,0.00022689550282849592,
fips,30091,1367,0.00014926186350652259,
fips,30093,2275,0.0002484058079570877,
fips,30095,1287,0.0001405267142157239,
fips,30097,1084,0.00011836127289032222,
fips,30099,1464,0.000159853232021616,
fips,30101,1158,0.00012644128598431103,
fips,30103,304,3.319356730503502e-05,
fips,30105,1882,0.00020549438706603915,
fips,30107,658,7.184660291681922e-05,
fips,30109,304,3.319356730503502e-05,
fips,30111,5428,0.000592679879380691,
fips,31001,2091,0.00022831496458825071,
fips,31003,1439,0.0001571234978682414,
fips,31005,66,7.206498164908918e-06,
fips,31007,187,2.0418411467241935e-05,
fips,31009,102,1.1137315345768328e-05,
fips,31011,1076,0.00011748775796124236,
fips,31013,1167,0.00012742399027952588,
fips,31015,430,4.695142743804295e-05,
fips,31017,480,5.241089574479213e-05,
fips,31019,3114,0.0003400156861443389,
fips,31021,1078,0.00011770613669351233,
fips,31023,1848,0.0002017819486174497,
fips,31025,2061,0.00022503928360420122,
fips,31027,1633,0.00017830623489842822,
fips,31029,635,6.93352474957146e-05,
fips,31031,889,9.706934649400043e-05,
fips,31033,1417,0.00015472133181327176,
fips,31035,1489,0.00016258296617499058,
fips,31037,1203,0.0001313548074603853,
fips,31039,1301,0.00014205536534161366,
fips,31041,2569,0.00028050748160077287,
fips,31043,1197,0.00013069967126357537,
fips,31045,1062,0.0001159591068353526,
fips,31047,2354,0.0002570317678817514,
fips,31049,385,4.203790596196869e-05,
fips,31051,1115,0.00012174614324050672,
fips,31053,2732,0.0002983053482807752,
fips,31055,11951,0.0013049221146791891,
fips,31057,400,4.367574645399344e-05,
fips,31059,1566,0.00017099054736738432,
fips,31061,462,5.0445487154362425e-05,
fips,31063,735,8.025418410921295e-05,
fips,31065,1293,0.0001411818504125338,
fips,31067,2915,0.0003182870022834772,
fips,31069,387,4.225628469423865e-05,
fips,31071,265,2.8935182025770657e-05,
fips,31073,415,4.5313586946018194e-05,
fips,31075,87,9.499474853743574e-06,
fips,31077,393,4.291142089104856e-05,
fips,31079,3174,0.00034656704811243796,
fips,31081,1759,0.00019206409503143615,
fips,31083,1054,0.00011508559190627272,
fips,31085,218,2.3803281817426426e-05,
fips,31087,601,6.562280904712514e-05,
fips,31089,2500,0.000272973415337459,
fips,31091,80,8.735149290798689e-06,
fips,31093,1056,0.00011530397063854269,
fips,31095,1381,0.00015079051463241235,
fips,31097,817,8.920771213228161e-05,
fips,31099,1024,0.00011180991092222322,
fips,31101,1261,0.00013768779069621434,
fips,31103,141,1.539570062503269e-05,
fips,31105,665,7.26109284797641e-05,
fips,31107,1394,0.00015220997639216714,
fips,31109,7895,0.0008620500456356956,
fips,31111,3088,0.0003371767626248294,
fips,31113,70,7.643255629448852e-06,
fips,31115,92,1.0045421684418493e-05,
fips,31117,68,7.424876897178885e-06,
fips,31119,2298,0.00025091716337819235,
fips,31121,1377,0.00015035375716787242,
fips,31123,1045,0.00011410288761105787,
fips,31125,719,7.850715425105321e-05,
fips,31127,1026,0.00011202828965449319,
fips,31129,1052,0.00011486721317400275,
fips,31131,1955,0.00021346521079389295,
fips,31133,815,8.898933340001164e-05,
fips,31135,508,5.546819799657167e-05,
fips,31137,1441,0.0001573418766005114,
fips,31139,1132,0.00012360236246480145,
fips,31141,2959,0.0003230913343934165,
fips,31143,974,0.00010635044261547403,
fips,31145,1023,0.00011170072155608823,
fips,31147,1222,0.00013342940541694997,
fips,31149,268,2.9262750124175606e-05,
fips,31151,1687,0.00018420246066971733,
fips,31153,4303,0.00046984184247883445,
fips,31155,3037,0.0003316081049519452,
fips,31157,3130,0.0003417627160024987,
fips,31159,1974,0.00021553980875045763,
fips,31161,1324,0.0001445667207627183,
fips,31163,808,8.822500783706676e-05,
fips,31165,288,3.1446537446875276e-05,
fips,31167,1153,0.0001258953391536361,
fips,31169,1324,0.0001445667207627183,
fips,31171,104,1.1355694078038295e-05,
fips,31173,1029,0.00011235585775289813,
fips,31175,802,8.756987164025685e-05,
fips,31177,1281,0.000139871578018914,
fips,31179,1045,0.00011410288761105787,
fips,31181,880,9.608664219878558e-05,
fips,31183,84,9.171906755338623e-06,
fips,31185,2051,0.00022394738994285137,
fips,32001,1659,0.0001811451584179378,
fips,32003,24665,0.0026931557157193705,
fips,32005,1628,0.0001777602880677533,
fips,32007,6518,0.0007116962884678231,
fips,32009,528,5.7651985319271345e-05,
fips,32011,953,0.00010405746592663938,
fips,32013,2902,0.00031686754052372243,
fips,32015,941,0.00010274719353301958,
fips,32017,1478,0.00016138188314750577,
fips,32019,2455,0.0002680598938613848,
fips,32021,1116,0.00012185533260664171,
fips,32023,4644,0.0005070754163308638,
fips,32027,1336,0.0001458769931563381,
fips,32029,450,4.9135214760742626e-05,
fips,32031,8872,0.0009687280563495746,
fips,32033,2493,0.00027220908977451414,
fips,32510,1231,0.00013441210971216482,
fips,33001,2221,0.00024250958218579859,
fips,33003,3013,0.0003289875601647056,
fips,33005,2757,0.0003010350824341498,
fips,33007,3231,0.00035279084198213203,
fips,33009,4401,0.00048054240036006285,
fips,33011,7817,0.0008535332750771668,
fips,33013,4197,0.0004582677696685262,
fips,33015,5994,0.0006544810606130917,
fips,33017,2421,0.0002643474554127953,
fips,33019,1721,0.0001879148991183068,
fips,34001,8429,0.0009203571671517768,
fips,34003,13017,0.0014213179789790817,
fips,34005,10092,0.0011019390830342545,
fips,34007,9404,0.0010268167991333858,
fips,34009,5197,0.0005674571358035098,
fips,34011,4102,0.00044789477988570273,
fips,34013,8460,0.0009237420375019614,
fips,34015,6309,0.0006888757109456116,
fips,34017,4243,0.00046329048051073547,
fips,34019,4039,0.0004410158498191988,
fips,34021,6243,0.0006816692127807027,
fips,34023,11697,0.0012771880156809033,
fips,34025,13540,0.001478424017467678,
fips,34027,10233,0.0011173347836592872,
fips,34029,12610,0.0013768779069621433,
fips,34031,6609,0.0007216325207861067,
fips,34033,2709,0.0002957939928596706,
fips,34035,5261,0.0005744452552361488,
fips,34037,4415,0.00048207105148595264,
fips,34039,7155,0.0007812499146958077,
fips,34041,3812,0.0004162298637065575,
fips,35001,12757,0.0013929287437839859,
fips,35003,2221,0.00024250958218579859,
fips,35005,5743,0.0006270745297132108,
fips,35006,3843,0.000419614734056742,
fips,35007,2689,0.00029361020553697094,
fips,35009,2979,0.00032527512171611617,
fips,35011,1391,0.0001518824082937622,
fips,35013,7525,0.0008216499801657517,
fips,35015,6154,0.0006719513591946891,
fips,35017,2441,0.000266531242735495,
fips,35019,1019,0.00011126396409154829,
fips,35021,887,9.685096776173046e-05,
fips,35023,1069,0.00011672343239829748,
fips,35025,5525,0.0006032712478957845,
fips,35027,2594,0.0002832372157541475,
fips,35028,407,4.4440072016938326e-05,
fips,35029,3276,0.00035770436345820627,
fips,35031,8090,0.0008833419720320174,
fips,35033,1070,0.00011683262176443246,
fips,35035,4528,0.0004944094498592058,
fips,35037,2384,0.0002603074488658009,
fips,35039,5676,0.000619758842182167,
fips,35041,2068,0.0002258036091671461,
fips,35043,6793,0.0007417233641549436,
fips,35045,8083,0.0008825776464690725,
fips,35047,3054,0.00033346432417623995,
fips,35049,4595,0.0005017251373902496,
fips,35051,1718,0.00018758733101990183,
fips,35053,2545,0.0002778869368135333,
fips,35055,2394,0.00026139934252715074,
fips,35057,2253,0.00024600364190211806,
fips,35059,3314,0.0003618535593713357,
fips,35061,2703,0.0002951388566628607,
fips,36001,5969,0.0006517513264597171,
fips,36003,3086,0.0003369583838925594,
fips,36005,5370,0.0005863468961448619,
fips,36007,4923,0.0005375392494825243,
fips,36009,4164,0.0004546645205860717,
fips,36011,3535,0.00038598440928716706,
fips,36013,5599,0.0006113512609897732,
fips,36015,3240,0.00035377354627734686,
fips,36017,3289,0.00035912382521796106,
fips,36019,2910,0.0003177410554528023,
fips,36021,3038,0.0003317172943180802,
fips,36023,2119,0.00023137226684003028,
fips,36025,4767,0.0005205057083654669,
fips,36027,6290,0.0006868011129890468,
fips,36029,14487,0.0015818263471975074,
fips,36031,2536,0.0002769042325183184,
fips,36033,2707,0.00029557561412740064,
fips,36035,2104,0.0002297344263480055,
fips,36037,2008,0.0002192522471990471,
fips,36039,2261,0.00024687715683119793,
fips,36041,1290,0.00014085428231412885,
fips,36043,3618,0.0003950471266763707,
fips,36045,5999,0.0006550270074437666,
fips,36047,9906,0.0010816298609331477,
fips,36049,2974,0.00032472917488544125,
fips,36051,2875,0.00031391942763807785,
fips,36053,3090,0.00033739514135709936,
fips,36055,10954,0.0011960603166426104,
fips,36057,2922,0.0003190513278464221,
fips,36059,20231,0.0022090100662768533,
fips,36061,4076,0.00044505585636619315,
fips,36063,4378,0.0004780310449389582,
fips,36065,7628,0.0008328964848776549,
fips,36067,8865,0.0009679637307866296,
fips,36069,3172,0.000346348669380168,
fips,36071,8743,0.0009546426281181617,
fips,36073,1347,0.00014707807618382293,
fips,36075,4749,0.0005185402997750371,
fips,36077,3820,0.0004171033786356374,
fips,36079,2052,0.00022405657930898637,
fips,36081,14194,0.0015498338629199573,
fips,36083,4269,0.000466129404030245,
fips,36085,4752,0.0005188678678734421,
fips,36087,4090,0.00044658450749208295,
fips,36089,6123,0.0006685664888445046,
fips,36091,5766,0.0006295858851343154,
fips,36093,3394,0.0003705887086621344,
fips,36095,2286,0.0002496068909845725,
fips,36097,1522,0.00016618621525744506,
fips,36099,1980,0.00021619494494726755,
fips,36101,5548,0.0006057826033168891,
fips,36103,26116,0.0028515894859812317,
fips,36105,4155,0.0004536818162908569,
fips,36107,2074,0.00022645874536395601,
fips,36109,3289,0.00035912382521796106,
fips,36111,4988,0.0005446365582812982,
fips,36113,2572,0.00028083504969917783,
fips,36115,2742,0.00029939724194212505,
fips,36117,3048,0.00033280918797943003,
fips,36119,12901,0.0014086520125074235,
fips,36121,1903,0.0002077873637548738,
fips,36123,1536,0.00016771486638333483,
fips,37001,4424,0.00048305375578116747,
fips,37003,1123,0.0001226196581695866,
fips,37005,966,0.00010547692768639417,
fips,37007,1383,0.00015100889336468234,
fips,37009,1488,0.0001624737768088556,
fips,37011,1003,0.00010951693423338855,
fips,37013,2211,0.00024141768852444876,
fips,37015,850,9.281096121473606e-05,
fips,37017,1878,0.00020505762960149922,
fips,37019,5120,0.0005590495546111161,
fips,37021,5214,0.0005693133550278046,
fips,37023,2533,0.00027657666441991346,
fips,37025,4227,0.0004615434506525757,
fips,37027,2294,0.0002504804059136524,
fips,37029,251,2.7406530899880886e-05,
fips,37031,3483,0.0003803065622481479,
fips,37033,752,8.211040333350768e-05,
fips,37035,5531,0.0006039263840925943,
fips,37037,3627,0.00039602983097158554,
fips,37039,1701,0.00018573111179560713,
fips,37041,498,5.4376304335221834e-05,
fips,37043,592,6.464010475191029e-05,
fips,37045,3143,0.00034318217776225347,
fips,37047,2642,0.0002884783053286267,
fips,37049,2956,0.00032276376629501155,
fips,37051,6747,0.0007367006533127344,
fips,37053,620,6.769740700368984e-05,
fips,37055,1925,0.00021018952980984343,
fips,37057,3901,0.0004259477172925711,
fips,37059,1326,0.00014478509949498826,
fips,37061,2981,0.0003254935004483861,
fips,37063,5357,0.0005849274343851072,
fips,37065,1871,0.00020429330403855432,
fips,37067,7067,0.0007716412504759292,
fips,37069,1808,0.00019741437397205035,
fips,37071,5303,0.0005790312086138181,
fips,37073,387,4.225628469423865e-05,
fips,37075,943,0.00010296557226528955,
fips,37077,1733,0.0001892251715119266,
fips,37079,666,7.272011784589908e-05,
fips,37081,11089,0.0012108008810708332,
fips,37083,2179,0.00023792362880812928,
fips,37085,2740,0.0002991788632098551,
fips,37087,2695,0.0002942653417337808,
fips,37089,3915,0.0004274763684184608,
fips,37091,918,0.00010023583811191496,
fips,37093,1361,0.0001486067273097127,
fips,37095,767,8.374824382553242e-05,
fips,37097,4975,0.0005432170965215435,
fips,37099,1793,0.0001957765334800256,
fips,37101,4050,0.00044221693284668363,
fips,37103,818,8.931690149841659e-05,
fips,37105,1974,0.00021553980875045763,
fips,37107,2099,0.0002291884795173306,
fips,37109,2076,0.00022667712409622597,
fips,37111,1711,0.00018682300545695696,
fips,37113,2401,0.00026216366809009566,
fips,37115,1137,0.00012414830929547636,
fips,37117,1155,0.00012611371788590607,
fips,37119,13412,0.0014644477786024002,
fips,37121,659,7.195579228295419e-05,
fips,37123,1593,0.00017393866025302887,
fips,37125,3609,0.00039406442238115584,
fips,37127,2739,0.0002990696738437201,
fips,37129,4488,0.0004900418752138065,
fips,37131,998,0.00010897098740271364,
fips,37133,3283,0.0003584686890211512,
fips,37135,3113,0.000339906496778204,
fips,37137,820,8.953528023068656e-05,
fips,37139,1025,0.0001119191002883582,
fips,37141,1630,0.0001779786668000233,
fips,37143,465,5.077305525276738e-05,
fips,37145,1416,0.00015461214244713678,
fips,37147,4007,0.0004375217901028793,
fips,37149,848,9.25925824824661e-05,
fips,37151,4291,0.00046853157008521466,
fips,37153,2098,0.0002290792901511956,
fips,37155,4739,0.0005174484061136873,
fips,37157,2771,0.0003025637335600396,
fips,37159,3917,0.00042769474715073077,
fips,37161,2554,0.0002788696411087481,
fips,37163,2172,0.00023715930324518439,
fips,37165,1614,0.00017623163694186354,
fips,37167,2238,0.0002443658014100933,
fips,37169,1638,0.00017885218172910313,
fips,37171,3060,0.0003341194603730498,
fips,37173,848,9.25925824824661e-05,
fips,37175,1443,0.00015756025533278134,
fips,37177,366,3.9963308005404e-05,
fips,37179,5771,0.0006301318319649904,
fips,37181,1357,0.00014816996984517276,
fips,37183,15650,0.0017088135800124935,
fips,37185,932,0.00010176448923780472,
fips,37187,598,6.52952409487202e-05,
fips,37189,1867,0.00020385654657401438,
fips,37191,3134,0.00034219947346703864,
fips,37193,2415,0.0002636923192159854,
fips,37195,2539,0.0002772318006167234,
fips,37197,1308,0.00014281969090455856,
fips,37199,611,6.671470270847498e-05,
fips,38001,981,0.00010711476817841892,
fips,38003,2626,0.00028673127547046694,
fips,38005,1946,0.0002124825064986781,
fips,38007,769,8.396662255780239e-05,
fips,38009,2375,0.0002593247445705861,
fips,38011,1054,0.00011508559190627272,
fips,38013,1538,0.00016793324511560478,
fips,38015,3728,0.0004070579569512189,
fips,38017,5843,0.0006379934663267092,
fips,38019,1953,0.000213246832061623,
fips,38021,1478,0.00016138188314750577,
fips,38023,1990,0.00021728683860861738,
fips,38025,1848,0.0002017819486174497,
fips,38027,887,9.685096776173046e-05,
fips,38029,1475,0.00016105431504910081,
fips,38031,965,0.00010536773832025917,
fips,38033,1010,0.00011028125979633344,
fips,38035,3447,0.0003763757450672885,
fips,38037,1242,0.00013561319273964963,
fips,38039,898,9.805205078921528e-05,
fips,38041,1137,0.00012414830929547636,
fips,38043,1710,0.00018671381609082198,
fips,38045,1761,0.00019228247376370614,
fips,38047,1140,0.00012447587739388132,
fips,38049,2637,0.0002879323584979518,
fips,38051,1267,0.00013834292689302423,
fips,38053,2382,0.00026008907013353095,
fips,38055,3151,0.00034405569269133334,
fips,38057,1790,0.00019544896538162065,
fips,38059,2506,0.00027362855153426893,
fips,38061,2447,0.0002671863789323049,
fips,38063,1605,0.00017524893264664869,
fips,38065,838,9.150068882111626e-05,
fips,38067,1766,0.00019282842059438105,
fips,38069,1470,0.0001605083682184259,
fips,38071,2139,0.00023355605416272994,
fips,38073,1347,0.00014707807618382293,
fips,38075,1282,0.00013998076738504898,
fips,38077,2524,0.00027559396012469863,
fips,38079,1664,0.00018169110524861271,
fips,38081,1277,0.00013943482055437406,
fips,38083,1108,0.00012098181767756184,
fips,38085,527,5.754279595313636e-05,
fips,38087,1083,0.00011825208352418725,
fips,38089,2908,0.00031752267672053235,
fips,38091,986,0.00010766071500909384,
fips,38093,3858,0.00042125257454876674,
fips,38095,1221,0.000133320216050815,
fips,38097,1511,0.00016498513222996022,
fips,38099,2524,0.00027559396012469863,
fips,38101,4601,0.0005023802735870596,
fips,38103,1883,0.00020560357643217413,
fips,38105,3672,0.00040094335244765983,
fips,39001,1524,0.00016640459398971501,
fips,39003,4102,0.00044789477988570273,
fips,39005,2578,0.00028149018589598775,
fips,39007,3416,0.000372990874717104,
fips,39009,3193,0.00034864164606900267,
fips,39011,2086,0.0002277690177575758,
fips,39013,4343,0.0004742094171242338,
fips,39015,1972,0.00021532143001818768,
fips,39017,5390,0.0005885306834675616,
fips,39019,1673,0.00018267380954382757,
fips,39021,1376,0.00015024456780173744,
fips,39023,3647,0.0003982136182942852,
fips,39025,3731,0.00040738552504962386,
fips,39027,2170,0.00023694092451291443,
fips,39029,3729,0.00040716714631735385,
fips,39031,2229,0.00024338309711487846,
fips,39033,2149,0.00023464794782407977,
fips,39035,16303,0.0017801142360986378,
fips,39037,3089,0.00033728595199096435,
fips,39039,1813,0.00019796032080272527,
fips,39041,3860,0.0004214709532810367,
fips,39043,2282,0.0002491701335200326,
fips,39045,4513,0.000492771609367181,
fips,39047,1222,0.00013342940541694997,
fips,39049,21086,0.0023023669743222645,
fips,39051,2176,0.00023759606070972432,
fips,39053,2242,0.0002448025588746332,
fips,39055,1905,0.00020800574248714377,
fips,39057,4060,0.00044330882650803346,
fips,39059,2643,0.0002885874946947617,
fips,39061,9780,0.0010678720008001398,
fips,39063,2889,0.00031544807876396764,
fips,39065,1498,0.00016356567047020543,
fips,39067,1694,0.00018496678623266223,
fips,39069,1763,0.0001925008524959761,
fips,39071,1974,0.00021553980875045763,
fips,39073,1691,0.00018463921813425727,
fips,39075,1905,0.00020800574248714377,
fips,39077,2626,0.00028673127547046694,
fips,39079,1927,0.00021040790854211342,
fips,39081,2768,0.0003022361654616346,
fips,39083,3179,0.0003471129949431129,
fips,39085,3226,0.0003522448951514571,
fips,39087,2408,0.00026292799365304053,
fips,39089,5301,0.0005788128298815481,
fips,39091,2326,0.0002539744656299719,
fips,39093,5875,0.0006414875260430287,
fips,39095,8449,0.0009225409544744765,
fips,39097,1427,0.00015581322547462162,
fips,39099,6751,0.0007371374107772743,
fips,39101,1945,0.00021237331713254312,
fips,39103,2767,0.0003021269760954996,
fips,39105,1330,0.0001452218569595282,
fips,39107,2274,0.0002482966185909527,
fips,39109,3004,0.00032800485586949074,
fips,39111,1497,0.00016345648110407046,
fips,39113,10141,0.0011072893619748687,
fips,39115,1481,0.00016170945124591073,
fips,39117,1523,0.00016629540462358004,
fips,39119,3553,0.00038794981787759677,
fips,39121,1582,0.00017273757722554407,
fips,39123,1938,0.00021160899156959822,
fips,39125,1441,0.0001573418766005114,
fips,39127,2298,0.00025091716337819235,
fips,39129,1775,0.0001938111248895959,
fips,39131,1715,0.0001872597629214969,
fips,39133,3812,0.0004162298637065575,
fips,39135,1957,0.0002136835895261629,
fips,39137,2496,0.0002725366578729191,
fips,39139,4352,0.00047519212141944865,
fips,39141,2250,0.0002456760738037131,
fips,39143,2530,0.0002762490963215085,
fips,39145,3150,0.00034394650332519834,
fips,39147,2396,0.00026161772125942074,
fips,39149,1991,0.00021739602797475236,
fips,39151,11123,0.0012145133195194226,
fips,39153,9941,0.0010854514887478721,
fips,39155,5074,0.0005540268437689068,
fips,39157,4967,0.0005423435815924636,
fips,39159,3168,0.00034591191191562804,
fips,39161,2056,0.00022449333677352628,
fips,39163,1314,0.00014347482710136845,
fips,39165,3610,0.00039417361174729084,
fips,39167,3288,0.0003590146358518261,
fips,39169,3504,0.00038259953893698257,
fips,39171,2389,0.0002608533956964758,
fips,39173,4288,0.0004682040019868097,
fips,39175,1376,0.00015024456780173744,
fips,40001,1942,0.00021204574903413816,
fips,40003,1649,0.00018005326475658797,
fips,40005,1683,0.0001837657032051774,
fips,40007,1746,0.0001906446332716814,
fips,40009,2501,0.000273082604703594,
fips,40011,1715,0.0001872597629214969,
fips,40013,2833,0.0003093334742604086,
fips,40015,2988,0.000326257826011331,
fips,40017,4706,0.0005138451570312328,
fips,40019,2760,0.00030136265053255475,
fips,40021,2737,0.00029885129511145013,
fips,40023,2006,0.0002190338684667771,
fips,40025,1433,0.0001564683616714315,
fips,40027,5501,0.0006006507031085448,
fips,40029,942,0.00010285638289915455,
fips,40031,4658,0.0005086040674567537,
fips,40033,1620,0.00017688677313867343,
fips,40035,1494,0.0001631289130056655,
fips,40037,4596,0.0005018343267563847,
fips,40039,2740,0.0002991788632098551,
fips,40041,2275,0.0002484058079570877,
fips,40043,1487,0.00016236458744272063,
fips,40045,1263,0.0001379061694284843,
fips,40047,3739,0.0004082590399787037,
fips,40049,2719,0.0002968858865210204,
fips,40051,3644,0.00039788605019588024,
fips,40053,1674,0.00018278299890996254,
fips,40055,1094,0.00011945316655167207,
fips,40057,706,7.708769249129842e-05,
fips,40059,954,0.00010416665529277437,
fips,40061,1375,0.00015013537843560246,
fips,40063,1903,0.0002077873637548738,
fips,40065,2573,0.00028094423906531283,
fips,40067,1025,0.0001119191002883582,
fips,40069,1582,0.00017273757722554407,
fips,40071,3354,0.000366221134016735,
fips,40073,3243,0.0003541011143757518,
fips,40075,2134,0.00023301010733205502,
fips,40077,1198,0.00013080886062971037,
fips,40079,3768,0.0004114255315966182,
fips,40081,3356,0.00036643951274900496,
fips,40083,2242,0.0002448025588746332,
fips,40085,761,8.309310762872253e-05,
fips,40087,2089,0.00022809658585598076,
fips,40089,5082,0.0005549003586979867,
fips,40091,2185,0.00023857876500493918,
fips,40093,1971,0.0002152122406520527,
fips,40095,1075,0.00011737856859510737,
fips,40097,2311,0.00025233662513794714,
fips,40099,1450,0.00015832458089572624,
fips,40101,4902,0.0005352462727936896,
fips,40103,1705,0.00018616786926014704,
fips,40105,1121,0.0001224012794373166,
fips,40107,1794,0.00019588572284616059,
fips,40109,14599,0.0015940555562046256,
fips,40111,2639,0.00028815073723022173,
fips,40113,4637,0.000506311090767919,
fips,40115,2310,0.00025222743577181213,
fips,40117,1643,0.00017939812855977808,
fips,40119,3339,0.00036458329352471026,
fips,40121,3885,0.0004242006874344113,
fips,40123,2119,0.00023137226684003028,
fips,40125,2909,0.0003176318660866673,
fips,40127,2307,0.00025189986767340717,
fips,40129,1421,0.0001551580892778117,
fips,40131,3230,0.00035268165261599703,
fips,40133,1662,0.00018147272651634276,
fips,40135,3221,0.0003516989483207822,
fips,40137,4142,0.0004522623545311021,
fips,40139,3716,0.00040574768455759906,
fips,40141,2375,0.0002593247445705861,
fips,40143,12564,0.001371855196119934,
fips,40145,2770,0.0003024545441939046,
fips,40147,2242,0.0002448025588746332,
fips,40149,2121,0.00023159064557230023,
fips,40151,1391,0.0001518824082937622,
fips,40153,1892,0.00020658628072738898,
fips,41001,2756,0.00030092589306801484,
fips,41003,2376,0.00025943393393672103,
fips,41005,8805,0.0009614123688185307,
fips,41007,2417,0.00026391069794825536,
fips,41009,1942,0.00021204574903413816,
fips,41011,4015,0.00043839530503195917,
fips,41013,1883,0.00020560357643217413,
fips,41015,2239,0.0002444749907762283,
fips,41017,6057,0.0006613599906795957,
fips,41019,8184,0.0008936057724487058,
fips,41021,530,5.7870364051541313e-05,
fips,41023,2797,0.00030540265707954917,
fips,41025,2825,0.0003084599593313287,
fips,41027,922,0.00010067259557645488,
fips,41029,7655,0.0008358445977632996,
fips,41031,1953,0.000213246832061623,
fips,41033,2821,0.00030802320186678874,
fips,41035,7139,0.000779502884837648,
fips,41037,3243,0.0003541011143757518,
fips,41039,11238,0.0012270700966249457,
fips,41041,2754,0.00030070751433574483,
fips,41043,4793,0.0005233446318849764,
fips,41045,3551,0.0003877314391453268,
fips,41047,6166,0.000673261631588309,
fips,41049,1179,0.00012873426267314566,
fips,41051,15542,0.0016970211284699152,
fips,41053,2266,0.00024742310366187285,
fips,41055,380,4.149195913129377e-05,
fips,41057,2525,0.0002757031494908336,
fips,41059,4102,0.00044789477988570273,
fips,41061,2579,0.0002815993752621227,
fips,41063,1591,0.00017372028152075892,
fips,41065,2171,0.0002370501138790494,
fips,41067,7654,0.0008357354083971645,
fips,41069,767,8.374824382553242e-05,
fips,41071,3047,0.0003326999986132951,
fips,42001,4310,0.00047060616804177937,
fips,42003,25860,0.002823637008250676,
fips,42005,3533,0.0003857660305548971,
fips,42007,5271,0.0005755371488974986,
fips,42009,3564,0.0003891509009050816,
fips,42011,12997,0.001419134191656382,
fips,42013,4958,0.0005413608772972487,
fips,42015,5100,0.0005568657672884164,
fips,42017,11609,0.0012675793514610248,
fips,42019,5285,0.0005770658000233883,
fips,42021,6185,0.0006753362295448736,
fips,42023,761,8.309310762872253e-05,
fips,42025,2600,0.00028389235195095736,
fips,42027,4153,0.00045346343755858694,
fips,42029,12214,0.0013336389179726897,
fips,42031,3290,0.00035923301458409606,
fips,42033,6167,0.0006733708209544439,
fips,42035,3099,0.0003383778456523142,
fips,42037,4327,0.00047246238726607407,
fips,42039,4634,0.000505983522669514,
fips,42041,6687,0.0007301492913446354,
fips,42043,8179,0.000893059825618031,
fips,42045,8768,0.0009573723622715363,
fips,42047,2044,0.0002231830643799065,
fips,42049,7397,0.0008076737413004738,
fips,42051,5537,0.0006045815202894042,
fips,42053,726,7.92714798139981e-05,
fips,42055,4336,0.0004734450915612889,
fips,42057,878,9.586826346651561e-05,
fips,42059,3422,0.0003736460109139139,
fips,42061,2440,0.00026642205336936,
fips,42063,4879,0.000532734917372585,
fips,42065,3545,0.0003870763029485169,
fips,42067,1268,0.0001384521162591592,
fips,42069,6832,0.000745981749434208,
fips,42071,14918,0.0016288869640016855,
fips,42073,3678,0.0004015984886444697,
fips,42075,4917,0.0005368841132857144,
fips,42077,11191,0.0012219381964166016,
fips,42079,9540,0.0010416665529277436,
fips,42081,7027,0.0007672736758305298,
fips,42083,2403,0.0002623820468223656,
fips,42085,4665,0.0005093683930196986,
fips,42087,2124,0.0002319182136707052,
fips,42089,5062,0.000552716571375287,
fips,42091,12880,0.0014063590358185888,
fips,42093,1297,0.00014161860787707375,
fips,42095,9917,0.0010828309439606324,
fips,42097,4921,0.0005373208707502543,
fips,42099,2720,0.00029699507588715543,
fips,42101,18105,0.001976873473873878,
fips,42103,3548,0.00038740387104692185,
fips,42105,1563,0.00017066297926897938,
fips,42107,6091,0.0006650724291281852,
fips,42109,2730,0.00029808696954850526,
fips,42111,4311,0.0004707153574079143,
fips,42113,876,9.564988473424564e-05,
fips,42115,2902,0.00031686754052372243,
fips,42117,2613,0.00028531181371071215,
fips,42119,1886,0.0002059311445305791,
fips,42121,2522,0.0002753755813924287,
fips,42123,2110,0.00023038956254481542,
fips,42125,7035,0.0007681471907596097,
fips,42127,3881,0.00042376392996987136,
fips,42129,10990,0.0011999911338234697,
fips,42131,1300,0.00014194617597547868,
fips,42133,10720,0.0011705100049670242,
fips,44001,1251,0.00013659589703486448,
fips,44003,4997,0.0005456192625765131,
fips,44005,2966,0.0003238556599563614,
fips,44007,15460,0.0016880676004468467,
fips,44009,5668,0.000618885327253087,
fips,45001,1426,0.00015570403610848661,
fips,45003,6450,0.0007042714115706442,
fips,45005,1100,0.00012010830274848197,
fips,45007,7003,0.0007646531310432902,
fips,45009,1205,0.00013157318619265524,
fips,45011,1500,0.00016378404920247542,
fips,45013,4847,0.0005292408576562655,
fips,45015,5317,0.0005805598597397078,
fips,45017,870,9.499474853743574e-05,
fips,45019,11822,0.0012908366864477763,
fips,45021,2486,0.00027144476421156927,
fips,45023,1568,0.0001712089260996543,
fips,45025,2970,0.0003242924174209013,
fips,45027,1746,0.0001906446332716814,
fips,45029,2146,0.00023432037972567483,
fips,45031,2599,0.0002837831625848224,
fips,45033,1803,0.00019686842714137544,
fips,45035,3381,0.0003691692469023796,
fips,45037,1591,0.00017372028152075892,
fips,45039,1299,0.0001418369866093437,
fips,45041,4592,0.0005013975692918447,
fips,45043,2689,0.00029361020553697094,
fips,45045,10409,0.0011365521120990443,
fips,45047,2320,0.00025331932943316196,
fips,45049,1532,0.0001672781089187949,
fips,45051,9040,0.0009870718698602517,
fips,45053,1410,0.0001539570062503269,
fips,45055,2424,0.0002646750235112003,
fips,45057,2859,0.00031217239777991815,
fips,45059,2777,0.00030321886975684945,
fips,45061,1104,0.0001205450602130219,
fips,45063,6161,0.000672715684757634,
fips,45065,911,9.947151254897006e-05,
fips,45067,1877,0.00020494844023536424,
fips,45069,1644,0.00017950731792591305,
fips,45071,2114,0.00023082632000935533,
fips,45073,3424,0.00037386438964618387,
fips,45075,4535,0.0004951737754221507,
fips,45077,3964,0.000432826647359075,
fips,45079,9255,0.0010105475835792733,
fips,45081,1387,0.00015144565082922227,
fips,45083,9739,0.0010633952367886054,
fips,45085,3974,0.00043391854102042485,
fips,45087,1437,0.00015690511913597145,
fips,45089,1772,0.00019348355679119094,
fips,45091,5605,0.0006120063971865831,
fips,46003,847,9.248339311633112e-05,
fips,46005,2646,0.0002889150627931666,
fips,46007,465,5.077305525276738e-05,
fips,46009,1109,0.00012109100704369683,
fips,46011,1863,0.00020341978910947447,
fips,46013,3322,0.00036272707430041556,
fips,46015,868,9.477636980516577e-05,
fips,46017,243,2.6533015970801018e-05,
fips,46019,793,8.6587167345042e-05,
fips,46021,650,7.097308798773934e-05,
fips,46023,1678,0.00018321975637450248,
fips,46025,1224,0.00013364778414921992,
fips,46027,1100,0.00012010830274848197,
fips,46029,2072,0.00022624036663168603,
fips,46031,902,9.848880825375521e-05,
fips,46033,990,0.00010809747247363378,
fips,46035,1281,0.000139871578018914,
fips,46037,2021,0.00022067170895880188,
fips,46039,967,0.00010558611705252914,
fips,46041,546,5.961739390970105e-05,
fips,46043,733,8.003580537694298e-05,
fips,46045,1273,0.00013899806308983412,
fips,46047,1016,0.00011093639599314334,
fips,46049,1100,0.00012010830274848197,
fips,46051,1368,0.00014937105287265756,
fips,46053,1058,0.00011552234937081266,
fips,46055,519,5.666928102405649e-05,
fips,46057,955,0.00010427584465890934,
fips,46059,1191,0.00013004453506676548,
fips,46061,832,9.084555262430636e-05,
fips,46063,480,5.241089574479213e-05,
fips,46065,1094,0.00011945316655167207,
fips,46067,1515,0.00016542188969450016,
fips,46069,459,5.011791905595748e-05,
fips,46071,1093,0.00011934397718553708,
fips,46073,631,6.889849003117466e-05,
fips,46075,424,4.629629124123305e-05,
fips,46077,1537,0.0001678240557494698,
fips,46079,1232,0.0001345212990782998,
fips,46081,1431,0.00015624998293916153,
fips,46083,2223,0.00024272796091806857,
fips,46085,959,0.00010471260212344928,
fips,46087,1284,0.00014019914611731896,
fips,46089,1072,0.00011705100049670243,
fips,46091,1326,0.00014478509949498826,
fips,46093,1741,0.00019009868644100645,
fips,46095,1394,0.00015220997639216714,
fips,46097,918,0.00010023583811191496,
fips,46099,5910,0.0006453091538577531,
fips,46101,997,0.00010886179803657866,
fips,46102,790,8.625959924663706e-05,
fips,46103,3845,0.00041983311278901195,
fips,46105,1128,0.0001231656050002615,
fips,46107,804,8.778825037252682e-05,
fips,46109,2141,0.0002337744328949999,
fips,46111,964,0.0001052585489541242,
fips,46115,2024,0.0002209992770572068,
fips,46117,458,5.0008729689822494e-05,
fips,46119,486,5.3066031941602036e-05,
fips,46121,673,7.348444340884397e-05,
fips,46123,1778,0.00019413869298800086,
fips,46125,1331,0.00014533104632566318,
fips,46127,1188,0.00012971696696836052,
fips,46129,1024,0.00011180991092222322,
fips,46135,1398,0.00015264673385670708,
fips,46137,362,3.9526550540864064e-05,
fips,47001,2196,0.000239779848032424,
fips,47003,1694,0.00018496678623266223,
fips,47005,1291,0.00014096347168026383,
fips,47007,905,9.881637635216017e-05,
fips,47009,3676,0.00040138010991219974,
fips,47011,2678,0.0002924091225094861,
fips,47013,1823,0.00019905221446407512,
fips,47015,604,6.59503771455301e-05,
fips,47017,1880,0.00020527600833376917,
fips,47019,1828,0.00019959816129475004,
fips,47021,902,9.848880825375521e-05,
fips,47023,925,0.00010100016367485984,
fips,47025,1256,0.0001371418438655394,
fips,47027,470,5.131900208344229e-05,
fips,47029,1766,0.00019282842059438105,
fips,47031,2193,0.00023945227993401905,
fips,47033,773,8.440338002234233e-05,
fips,47035,2626,0.00028673127547046694,
fips,47037,9334,0.001019173543503937,
fips,47039,1082,0.00011814289415805227,
fips,47041,870,9.499474853743574e-05,
fips,47043,1968,0.00021488467255364774,
fips,47045,1590,0.00017361109215462394,
fips,47047,1562,0.0001705537899028444,
fips,47049,751,8.200121396737269e-05,
fips,47051,2357,0.0002573593359801564,
fips,47053,2518,0.0002749388239278887,
fips,47055,1797,0.00019621329094456555,
fips,47057,1120,0.00012229209007118163,
fips,47059,3270,0.0003570492272613964,
fips,47061,891,9.72877252262704e-05,
fips,47063,1873,0.0002045116827708243,
fips,47065,7566,0.0008261267441772859,
fips,47067,412,4.498601884761325e-05,
fips,47069,1640,0.00017907056046137312,
fips,47071,1929,0.00021062628727438337,
fips,47073,2147,0.0002344295690918098,
fips,47075,1025,0.0001119191002883582,
fips,47077,1602,0.00017492136454824373,
fips,47079,2124,0.0002319182136707052,
fips,47081,1513,0.0001652035109622302,
fips,47083,568,6.201955996467069e-05,
fips,47085,1466,0.00016007161075388596,
fips,47087,544,5.939901517743108e-05,
fips,47089,1793,0.0001957765334800256,
fips,47091,736,8.036337347534794e-05,
fips,47093,7790,0.0008505851621915223,
fips,47095,392,4.2802231524913575e-05,
fips,47097,982,0.0001072239575445539,
fips,47099,2345,0.00025604906358653654,
fips,47101,671,7.3266064676574e-05,
fips,47103,1626,0.00017754190933548335,
fips,47105,2168,0.00023672254578064445,
fips,47107,2451,0.0002676231363968448,
fips,47109,1825,0.00019927059319634508,
fips,47111,875,9.554069536811065e-05,
fips,47113,2771,0.0003025637335600396,
fips,47115,1638,0.00017885218172910313,
fips,47117,1358,0.00014827915921130773,
fips,47119,3211,0.0003506070546594324,
fips,47121,866,9.45579910728958e-05,
fips,47123,2300,0.0002511355421104623,
fips,47125,3020,0.0003297518857276505,
fips,47127,338,3.690600575362446e-05,
fips,47129,882,9.630502093105555e-05,
fips,47131,2069,0.00022591279853328107,
fips,47133,936,0.00010220124670234466,
fips,47135,754,8.232878206577765e-05,
fips,47137,336,3.668762702135449e-05,
fips,47139,1210,0.00013211913302333016,
fips,47141,2309,0.0002521182464056771,
fips,47143,1421,0.0001551580892778117,
fips,47145,2665,0.0002909896607497313,
fips,47147,1627,0.00017765109870161833,
fips,47149,4665,0.0005093683930196986,
fips,47151,1045,0.00011410288761105787,
fips,47153,582,6.354821109056046e-05,
fips,47155,3119,0.0003405616329750139,
fips,47157,14709,0.0016060663864794738,
fips,47159,929,0.00010143692113939976,
fips,47161,1020,0.00011137315345768328,
fips,47163,4631,0.000505655954571109,
fips,47165,3246,0.0003544286824741568,
fips,47167,1246,0.00013604995020418957,
fips,47169,359,3.919898244245912e-05,
fips,47171,829,9.051798452590141e-05,
fips,47173,763,8.33114863609925e-05,
fips,47175,481,5.2520085110927114e-05,
fips,47177,1523,0.00016629540462358004,
fips,47179,3873,0.0004228904150407915,
fips,47181,1422,0.00015526727864394668,
fips,47183,2207,0.00024098093105990882,
fips,47185,1076,0.00011748775796124236,
fips,47187,4186,0.0004570666866410414,
fips,47189,3005,0.00032811404523562575,
fips,48001,3275,0.0003575951740920713,
fips,48003,1458,0.0001591980958248061,
fips,48005,3556,0.0003882773859760017,
fips,48007,1372,0.0001498078103371975,
fips,48009,1287,0.0001405267142157239,
fips,48011,858,9.368447614381594e-05,
fips,48013,2072,0.00022624036663168603,
fips,48015,2039,0.00022263711754923158,
fips,48017,1175,0.00012829750520860573,
fips,48019,1403,0.000153192680687382,
fips,48021,2887,0.0003152297000316977,
fips,48023,866,9.45579910728958e-05,
fips,48025,1452,0.0001585429596279962,
fips,48027,8680,0.0009477636980516577,
fips,48029,25285,0.0027608531227230606,
fips,48031,1155,0.00012611371788590607,
fips,48033,941,0.00010274719353301958,
fips,48035,2506,0.00027362855153426893,
fips,48037,3921,0.00042813150461527074,
fips,48039,8175,0.000892623068153491,
fips,48041,3560,0.00038871414344054164,
fips,48043,3265,0.0003565032804307215,
fips,48045,816,8.909852276614662e-05,
fips,48047,858,9.368447614381594e-05,
fips,48049,2165,0.00023639497768223952,
fips,48051,1431,0.00015624998293916153,
fips,48053,2911,0.00031785024481893726,
fips,48055,1798,0.00019632248031070052,
fips,48057,1562,0.0001705537899028444,
fips,48059,1043,0.0001138845088787879,
fips,48061,10955,0.0011961695060087455,
fips,48063,946,0.00010329314036369449,
fips,48065,1443,0.00015756025533278134,
fips,48067,2044,0.0002231830643799065,
fips,48069,1947,0.00021259169586481308,
fips,48071,1460,0.00015941647455707607,
fips,48073,2386,0.00026052582759807086,
fips,48075,1223,0.00013353859478308495,
fips,48077,1638,0.00017885218172910313,
fips,48079,974,0.00010635044261547403,
fips,48081,1052,0.00011486721317400275,
fips,48083,1699,0.00018551273306333715,
fips,48085,17457,0.0019061187646184088,
fips,48087,922,0.00010067259557645488,
fips,48089,2055,0.0002243841474073913,
fips,48091,3496,0.0003817260240079027,
fips,48093,1403,0.000153192680687382,
fips,48095,733,8.003580537694298e-05,
fips,48097,2152,0.00023497551592248473,
fips,48099,2049,0.0002237290112105814,
fips,48101,849,9.270177184860108e-05,
fips,48103,587,6.409415792123537e-05,
fips,48105,1232,0.0001345212990782998,
fips,48107,1326,0.00014478509949498826,
fips,48109,1178,0.00012862507330701069,
fips,48111,1145,0.00012502182422455624,
fips,48113,39050,0.00426384474757111,
fips,48115,2016,0.00022012576212812696,
fips,48117,1649,0.00018005326475658797,
fips,48119,818,8.931690149841659e-05,
fips,48121,14558,0.0015895787921930914,
fips,48123,1602,0.00017492136454824373,
fips,48125,915,9.990827001351e-05,
fips,48127,1814,0.00019806951016886027,
fips,48129,1374,0.00015002618906946748,
fips,48131,1456,0.00015897971709253613,
fips,48133,1929,0.00021062628727438337,
fips,48135,4451,0.00048600186866681205,
fips,48137,1057,0.00011541316000467767,
fips,48139,5316,0.0005804506703735729,
fips,48141,14320,0.0015635917230529652,
fips,48143,2157,0.00023552146275315964,
fips,48145,1975,0.0002156489981165926,
fips,48147,2380,0.000259870691401261,
fips,48149,2104,0.0002297344263480055,
fips,48151,1538,0.00016793324511560478,
fips,48153,1653,0.0001804900222211279,
fips,48155,703,7.676012439289348e-05,
fips,48157,10749,0.0011736764965849388,
fips,48159,899,9.816124015535026e-05,
fips,48161,1458,0.0001591980958248061,
fips,48163,1509,0.00016476675349769027,
fips,48165,1565,0.00017088135800124934,
fips,48167,7972,0.0008704576268280893,
fips,48169,1124,0.00012272884753572157,
fips,48171,1579,0.0001724100091271391,
fips,48173,731,7.981742664467301e-05,
fips,48175,532,5.808874278381128e-05,
fips,48177,1602,0.00017492136454824373,
fips,48179,2297,0.00025080797401205734,
fips,48181,5682,0.0006204139783789769,
fips,48183,3473,0.00037921466858679807,
fips,48185,1835,0.0002003624868576949,
fips,48187,3205,0.00034995191846262246,
fips,48189,3035,0.00033138972621967524,
fips,48191,1245,0.0001359407608380546,
fips,48193,949,0.00010362070846209944,
fips,48195,879,9.597745283265059e-05,
fips,48197,1032,0.00011268342585130308,
fips,48199,2834,0.0003094426636265435,
fips,48201,53982,0.0058942603626986854,
fips,48203,2834,0.0003094426636265435,
fips,48205,967,0.00010558611705252914,
fips,48207,1283,0.00014008995675118395,
fips,48209,3315,0.00036196274873747064,
fips,48211,825,9.008122706136147e-05,
fips,48213,3869,0.0004224536575762516,
fips,48215,13364,0.0014592066890279209,
fips,48217,3547,0.00038729468168078685,
fips,48219,2187,0.00023879714373720916,
fips,48221,1913,0.00020887925741622365,
fips,48223,2276,0.0002485149973232227,
fips,48225,1473,0.00016083593631683086,
fips,48227,2105,0.00022984361571414048,
fips,48229,1468,0.00016028998948615594,
fips,48231,4393,0.00047966888543098297,
fips,48233,1833,0.00020014410812542495,
fips,48235,663,7.239254974749413e-05,
fips,48237,1425,0.00015559484674235164,
fips,48239,1302,0.00014216455470774866,
fips,48241,1654,0.00018059921158726288,
fips,48243,574,6.267469616148058e-05,
fips,48245,9454,0.001032276267440135,
fips,48247,774,8.45125693884773e-05,
fips,48249,1868,0.0002039657359401494,
fips,48251,4685,0.0005115521803423982,
fips,48253,2349,0.0002564858210510765,
fips,48255,1494,0.0001631289130056655,
fips,48257,3725,0.00040673038885281394,
fips,48259,987,0.00010776990437522882,
fips,48261,681,7.435795833792384e-05,
fips,48263,552,6.027253010651095e-05,
fips,48265,2535,0.00027679504315218347,
fips,48267,781,8.52768949514222e-05,
fips,48269,806,8.800662910479679e-05,
fips,48271,1403,0.000153192680687382,
fips,48273,1549,0.00016913432814308962,
fips,48275,945,0.00010318395099755951,
fips,48277,2819,0.0003078048231345188,
fips,48279,2330,0.0002544112230945118,
fips,48281,959,0.00010471260212344928,
fips,48283,1642,0.00017928893919364307,
fips,48285,1565,0.00017088135800124934,
fips,48287,999,0.00010908017676884863,
fips,48289,1519,0.0001658586471590401,
fips,48291,3232,0.00035290003134826704,
fips,48293,2266,0.00024742310366187285,
fips,48295,710,7.752444995583836e-05,
fips,48297,1135,0.0001239299305632064,
fips,48299,1715,0.0001872597629214969,
fips,48301,194,2.118273703018682e-05,
fips,48303,7871,0.000859429500848456,
fips,48305,1497,0.00016345648110407046,
fips,48307,1897,0.0002071322275580639,
fips,48309,7292,0.0007962088578563005,
fips,48311,595,6.496767285031525e-05,
fips,48313,709,7.741526058970338e-05,
fips,48315,1006,0.00010984450233179351,
fips,48317,947,0.00010340232972982947,
fips,48319,877,9.575907410038062e-05,
fips,48321,3217,0.00035126219085624224,
fips,48323,2350,0.00025659501041721145,
fips,48325,2785,0.0003040923846859293,
fips,48327,402,4.389412518626341e-05,
fips,48329,3908,0.00042671204285551595,
fips,48331,1803,0.00019686842714137544,
fips,48333,571,6.234712806307564e-05,
fips,48335,1255,0.00013703265449940442,
fips,48337,1737,0.00018966192897646654,
fips,48339,7548,0.0008241613355868563,
fips,48341,1332,0.00014544023569179815,
fips,48343,995,0.00010864341930430869,
fips,48345,603,6.584118777939511e-05,
fips,48347,2121,0.00023159064557230023,
fips,48349,3415,0.000372881685350969,
fips,48351,1253,0.00013681427576713446,
fips,48353,1688,0.00018431165003585234,
fips,48355,6965,0.0007605039351301609,
fips,48357,857,9.357528677768095e-05,
fips,48359,1040,0.00011355694078038295,
fips,48361,3393,0.0003704795192959994,
fips,48363,2443,0.00026674962146776493,
fips,48365,1339,0.00014620456125474305,
fips,48367,3568,0.0003895876583696215,
fips,48369,1986,0.00021685008114407745,
fips,48371,2395,0.00026150853189328574,
fips,48373,2555,0.00027897883047488313,
fips,48375,4219,0.00046066993572349584,
fips,48377,1631,0.00017808785616615826,
fips,48379,667,7.282930721203407e-05,
fips,48381,3193,0.00034864164606900267,
fips,48383,1035,0.00011301099394970804,
fips,48385,677,7.39212008733839e-05,
fips,48387,1484,0.00016203701934431567,
fips,48389,1611,0.00017590406884345858,
fips,48391,808,8.822500783706676e-05,
fips,48393,489,5.339360004000698e-05,
fips,48395,1485,0.00016214620871045064,
fips,48397,1988,0.0002170684598763474,
fips,48399,1498,0.00016356567047020543,
fips,48401,2578,0.00028149018589598775,
fips,48403,863,9.423042297449085e-05,
fips,48405,717,7.828877551878324e-05,
fips,48407,1491,0.00016280134490726056,
fips,48409,2652,0.0002895701989899765,
fips,48411,960,0.00010482179148958426,
fips,48413,689,7.523147326700371e-05,
fips,48415,2091,0.00022831496458825071,
fips,48417,960,0.00010482179148958426,
fips,48419,1607,0.00017546731137891867,
fips,48421,723,7.894391171559315e-05,
fips,48423,7099,0.0007751353101922487,
fips,48425,448,4.891683602847266e-05,
fips,48427,2474,0.00027013449181794943,
fips,48429,948,0.00010351151909596446,
fips,48431,620,6.769740700368984e-05,
fips,48433,1205,0.00013157318619265524,
fips,48435,798,8.713311417571692e-05,
fips,48437,2184,0.0002384695756388042,
fips,48439,32931,0.003595715016191145,
fips,48441,4484,0.0004896051177492664,
fips,48443,578,6.311145362602052e-05,
fips,48445,1790,0.00019544896538162065,
fips,48447,758,8.276553953031757e-05,
fips,48449,1638,0.00017885218172910313,
fips,48451,4295,0.00046896832754975457,
fips,48453,17643,0.0019264279867195159,
fips,48455,1202,0.00013124561809425028,
fips,48457,1379,0.0001505721359001424,
fips,48459,2654,0.0002897885777222465,
fips,48461,1141,0.0001245850667600163,
fips,48463,2492,0.00027209990040837913,
fips,48465,3365,0.00036742221704421984,
fips,48467,2916,0.0003183961916496122,
fips,48469,2682,0.000292845879974026,
fips,48471,2094,0.00022864253268665567,
fips,48473,1703,0.00018594949052787708,
fips,48475,1283,0.00014008995675118395,
fips,48477,1887,0.00020604033389671407,
fips,48479,6084,0.0006643081035652402,
fips,48481,3049,0.00033291837734556503,
fips,48483,1083,0.00011825208352418725,
fips,48485,4194,0.00045794020157012127,
fips,48487,1544,0.0001685883813124147,
fips,48489,2002,0.00021859711100223717,
fips,48491,10608,0.001158280795959906,
fips,48493,1848,0.0002017819486174497,
fips,48495,530,5.7870364051541313e-05,
fips,48497,2641,0.0002883691159624917,
fips,48499,3191,0.0003484232673367327,
fips,48501,837,9.139149945498127e-05,
fips,48503,1904,0.0002078965531210088,
fips,48505,1170,0.0001277515583779308,
fips,48507,1781,0.0001944662610864058,
fips,49001,1358,0.00014827915921130773,
fips,49003,2830,0.0003090059061620036,
fips,49005,3125,0.00034121676917182376,
fips,49007,1109,0.00012109100704369683,
fips,49009,424,4.629629124123305e-05,
fips,49011,5174,0.0005649457803824051,
fips,49013,1522,0.00016618621525744506,
fips,49015,1358,0.00014827915921130773,
fips,49017,1273,0.00013899806308983412,
fips,49019,780,8.516770558528721e-05,
fips,49021,2722,0.0002972134546194254,
fips,49023,1303,0.00014227374407388364,
fips,49025,1511,0.00016498513222996022,
fips,49027,2494,0.0002723182791406491,
fips,49029,334,3.646924828908452e-05,
fips,49031,450,4.9135214760742626e-05,
fips,49033,740,8.080013093988786e-05,
fips,49035,14035,0.0015324727537044949,
fips,49037,2111,0.0002304987519109504,
fips,49039,1924,0.00021008034044370846,
fips,49041,1870,0.00020418411467241934,
fips,49043,1665,0.0001818002946147477,
fips,49045,2683,0.000292955069340161,
fips,49047,1957,0.0002136835895261629,
fips,49049,10665,0.0011645045898296001,
fips,49051,1525,0.00016651378335585,
fips,49053,4474,0.0004885132240879166,
fips,49055,1304,0.00014238293344001862,
fips,49057,4437,0.00048447321754092226,
fips,50001,3055,0.0003335735135423749,
fips,50003,1814,0.00019806951016886027,
fips,50005,2410,0.0002631463723853105,
fips,50007,3401,0.00037135303422507925,
fips,50009,1054,0.00011508559190627272,
fips,50011,2313,0.0002525550038702171,
fips,50013,315,3.4394650332519834e-05,
fips,50015,1233,0.00013463048844443478,
fips,50017,2116,0.00023104469874162532,
fips,50019,2175,0.00023748687134358935,
fips,50021,2951,0.00032221781946433663,
fips,50023,2728,0.0002978685908162353,
fips,50025,2752,0.0003004891356034749,
fips,50027,3729,0.00040716714631735385,
fips,51001,2677,0.0002922999331433511,
fips,51003,2712,0.00029612156095807556,
fips,51005,1042,0.00011377531951265292,
fips,51007,618,6.747902827141987e-05,
fips,51009,1259,0.00013746941196394436,
fips,51011,686,7.490390516859875e-05,
fips,51013,2213,0.0002416360672567187,
fips,51015,3012,0.0003288783707985706,
fips,51017,517,5.6450902291786524e-05,
fips,51019,2424,0.0002646750235112003,
fips,51021,597,6.518605158258522e-05,
fips,51023,1410,0.0001539570062503269,
fips,51025,1114,0.00012163695387437174,
fips,51027,1250,0.0001364867076687295,
fips,51029,941,0.00010274719353301958,
fips,51031,1444,0.00015766944469891632,
fips,51033,1616,0.00017645001567413352,
fips,51035,1606,0.00017535812201278366,
fips,51036,250,2.72973415337459e-05,
fips,51037,861,9.401204424222088e-05,
fips,51041,4138,0.00045182559706656214,
fips,51043,731,7.981742664467301e-05,
fips,51045,520,5.677847039019148e-05,
fips,51047,1390,0.0001517732189276272,
fips,51049,616,6.72606495391499e-05,
fips,51051,952,0.0001039482765605044,
fips,51053,1155,0.00012611371788590607,
fips,51057,466,5.088224461890236e-05,
fips,51059,11169,0.0012195360303616318,
fips,51061,2298,0.00025091716337819235,
fips,51063,943,0.00010296557226528955,
fips,51065,835,9.117312072271132e-05,
fips,51067,1907,0.00020822412121941373,
fips,51069,2218,0.00024218201408739365,
fips,51071,1125,0.00012283803690185655,
fips,51073,664,7.250173911362912e-05,
fips,51075,1156,0.00012622290725204104,
fips,51077,1221,0.000133320216050815,
fips,51079,466,5.088224461890236e-05,
fips,51081,603,6.584118777939511e-05,
fips,51083,2192,0.00023934309056788407,
fips,51085,2304,0.0002515722995750022,
fips,51087,6184,0.0006752270401787386,
fips,51089,1449,0.00015821539152959123,
fips,51091,453,4.946278285914757e-05,
fips,51093,1222,0.00013342940541694997,
fips,51095,1044,0.00011399369824492289,
fips,51097,500,5.45946830674918e-05,
fips,51099,486,5.3066031941602036e-05,
fips,51101,771,8.418500129007236e-05,
fips,51103,466,5.088224461890236e-05,
fips,51105,1522,0.00016618621525744506,
fips,51107,7260,0.000792714798139981,
fips,51109,1365,0.00014904348477425263,
fips,51111,837,9.139149945498127e-05,
fips,51113,709,7.741526058970338e-05,
fips,51115,275,3.0027075687120493e-05,
fips,51117,2174,0.00023737768197745437,
fips,51119,486,5.3066031941602036e-05,
fips,51121,2270,0.0002478598611264128,
fips,51125,1201,0.0001311364287281153,
fips,51127,607,6.627794524393505e-05,
fips,51131,1145,0.00012502182422455624,
fips,51133,636,6.944443686184957e-05,
fips,51135,1138,0.00012425749866161134,
fips,51137,1442,0.00015745106596664636,
fips,51139,1226,0.0001338661628814899,
fips,51141,1031,0.0001125742364851681,
fips,51143,2855,0.0003117356403153782,
fips,51145,772,8.429419065620735e-05,
fips,51147,976,0.000106568821347744,
fips,51149,894,9.761529332467535e-05,
fips,51153,4845,0.0005290224789239956,
fips,51155,1435,0.00015668674040370147,
fips,51157,613,6.693308144074495e-05,
fips,51159,346,3.777952068270433e-05,
fips,51161,1759,0.00019206409503143615,
fips,51163,1669,0.00018223705207928763,
fips,51165,3507,0.0003829271070353875,
fips,51167,1703,0.00018594949052787708,
fips,51169,1652,0.00018038083285499293,
fips,51171,2251,0.0002457852631698481,
fips,51173,1749,0.00019097220137008632,
fips,51175,1285,0.00014030833548345394,
fips,51177,2343,0.0002558306848542666,
fips,51179,1912,0.00020877006805008864,
fips,51181,427,4.6623859339638e-05,
fips,51183,1000,0.0001091893661349836,
fips,51185,2022,0.00022078089832493685,
fips,51187,1360,0.00014849753794357772,
fips,51191,2593,0.0002831280263880125,
fips,51193,941,0.00010274719353301958,
fips,51195,1897,0.0002071322275580639,
fips,51197,1700,0.00018562192242947212,
fips,51199,1216,0.00013277426922014008,
fips,51510,1303,0.00014227374407388364,
fips,51520,634,6.92260581295796e-05,
fips,51530,302,3.297518857276505e-05,
fips,51540,714,7.79612074203783e-05,
fips,51550,3357,0.00036654870211513997,
fips,51570,416,4.542277631215318e-05,
fips,51580,309,3.3739514135709934e-05,
fips,51590,1169,0.00012764236901179583,
fips,51595,194,2.118273703018682e-05,
fips,51600,355,3.876222497791918e-05,
fips,51610,175,1.9108139073622133e-05,
fips,51620,216,2.358490308515646e-05,
fips,51630,536,5.852550024835121e-05,
fips,51640,258,2.817085646282577e-05,
fips,51650,2340,0.0002555031167558616,
fips,51660,657,7.173741355068422e-05,
fips,51670,822,8.975365896295653e-05,
fips,51678,147,1.605083682184259e-05,
fips,51680,1621,0.00017699596250480843,
fips,51683,449,4.902602539460764e-05,
fips,51685,117,1.2775155837793083e-05,
fips,51690,310,3.384870350184492e-05,
fips,51700,2436,0.00026598529590482006,
fips,51710,4430,0.0004837088919779774,
fips,51720,179,1.9544896538162067e-05,
fips,51730,928,0.00010132773177326479,
fips,51735,160,1.7470298581597378e-05,
fips,51740,2226,0.0002430555290164735,
fips,51750,454,4.957197222528256e-05,
fips,51760,4831,0.0005274938277981058,
fips,51770,2836,0.00030966104235881353,
fips,51775,684,7.468552643632878e-05,
fips,51790,555,6.06000982049159e-05,
fips,51800,1959,0.0002139019682584329,
fips,51810,5621,0.0006137534270447429,
fips,51820,731,7.981742664467301e-05,
fips,51830,274,2.991788632098551e-05,
fips,51840,531,5.79795534176763e-05,
fips,53001,1708,0.000186495437358552,
fips,53003,691,7.544985199927368e-05,
fips,53005,4537,0.0004953921541544207,
fips,53007,3240,0.00035377354627734686,
fips,53009,3244,0.0003542103037418868,
fips,53011,6931,0.0007567914966815713,
fips,53013,554,6.049090883878092e-05,
fips,53015,2867,0.000313045912708998,
fips,53017,2298,0.00025091716337819235,
fips,53019,1462,0.00015963485328934602,
fips,53021,2407,0.0002628188042869055,
fips,53023,476,5.19741382802522e-05,
fips,53025,4486,0.0004898234964815365,
fips,53027,4973,0.0005429987177892735,
fips,53029,1865,0.00020363816784174443,
fips,53031,2450,0.00026751394703070986,
fips,53033,29403,0.003210494932466923,
fips,53035,4570,0.0004989954032368751,
fips,53037,3037,0.0003316081049519452,
fips,53039,1978,0.00021597656621499757,
fips,53041,3920,0.00042802231524913573,
fips,53043,2181,0.00023814200754039924,
fips,53045,2018,0.00022034414086039692,
fips,53047,4251,0.0004641639954398153,
fips,53049,1842,0.0002011268124206398,
fips,53051,1537,0.0001678240557494698,
fips,53053,14170,0.0015472133181327176,
fips,53055,1061,0.0001158499174692176,
fips,53057,4070,0.0004444007201693833,
fips,53059,1764,0.0001926100418621111,
fips,53061,10155,0.0011088180131007585,
fips,53063,14604,0.0015946015030353007,
fips,53065,3292,0.000359451393316366,
fips,53067,5725,0.0006251091211227812,
fips,53069,509,5.5577387362706656e-05,
fips,53071,2384,0.0002603074488658009,
fips,53073,6331,0.0006912778770005812,
fips,53075,2621,0.00028618532863979203,
fips,53077,7480,0.0008167364586896774,
fips,54001,984,0.00010744233627682387,
fips,54003,2017,0.00022023495149426194,
fips,54005,1306,0.0001426013121722886,
fips,54007,1222,0.00013342940541694997,
fips,54009,860,9.39028548760859e-05,
fips,54011,2898,0.00031643078305918247,
fips,54013,531,5.79795534176763e-05,
fips,54015,615,6.715146017301492e-05,
fips,54017,598,6.52952409487202e-05,
fips,54019,2536,0.0002769042325183184,
fips,54021,744,8.12368884044278e-05,
fips,54023,742,8.101850967215783e-05,
fips,54025,2071,0.00022613117726555105,
fips,54027,1527,0.00016673216208811997,
fips,54029,1038,0.00011333856204811298,
fips,54031,1146,0.0001251310135906912,
fips,54033,2574,0.0002810534284314478,
fips,54035,1673,0.00018267380954382757,
fips,54037,1779,0.00019424788235413584,
fips,54039,6490,0.0007086389862160437,
fips,54041,1240,0.00013539481400737967,
fips,54043,987,0.00010776990437522882,
fips,54045,1710,0.00018671381609082198,
fips,54047,1596,0.00017426622835143383,
fips,54049,2424,0.0002646750235112003,
fips,54051,1373,0.0001499169997033325,
fips,54053,2076,0.00022667712409622597,
fips,54055,2291,0.0002501528378152474,
fips,54057,1049,0.0001145396450755978,
fips,54059,843,9.204663565179118e-05,
fips,54061,3222,0.00035180813768691716,
fips,54063,743,8.112769903829282e-05,
fips,54065,659,7.195579228295419e-05,
fips,54067,1631,0.00017808785616615826,
fips,54069,1812,0.0001978511314365903,
fips,54071,955,0.00010427584465890934,
fips,54073,588,6.420334728737037e-05,
fips,54075,946,0.00010329314036369449,
fips,54077,2018,0.00022034414086039692,
fips,54079,1842,0.0002011268124206398,
fips,54081,2767,0.0003021269760954996,
fips,54083,1521,0.00016607702589131005,
fips,54085,1138,0.00012425749866161134,
fips,54087,631,6.889849003117466e-05,
fips,54089,1009,0.00011017207043019846,
fips,54091,801,8.746068227412186e-05,
fips,54093,842,9.19374462856562e-05,
fips,54095,760,8.298391826258754e-05,
fips,54097,1029,0.00011235585775289813,
fips,54099,1545,0.00016869757067854968,
fips,54101,970,0.0001059136851509341,
fips,54103,1087,0.00011868884098872718,
fips,54105,543,5.9289825811296096e-05,
fips,54107,3086,0.0003369583838925594,
fips,54109,1347,0.00014707807618382293,
fips,55001,2184,0.0002384695756388042,
fips,55003,1804,0.00019697761650751042,
fips,55005,2998,0.0003273497196726809,
fips,55007,2471,0.00026980692371954447,
fips,55009,5278,0.0005763014744604435,
fips,55011,1946,0.0002124825064986781,
fips,55013,2126,0.00023213659240297515,
fips,55015,2132,0.00023279172859978504,
fips,55017,3434,0.0003749562833075337,
fips,55019,3474,0.0003793238579529331,
fips,55021,4158,0.00045400938438926186,
fips,55023,1828,0.00019959816129475004,
fips,55025,11762,0.001284285324479677,
fips,55027,4576,0.000499650539433685,
fips,55029,2074,0.00022645874536395601,
fips,55031,4094,0.00044702126495662286,
fips,55033,2936,0.0003205799789723119,
fips,55035,3485,0.00038052494098041786,
fips,55037,692,7.555904136540866e-05,
fips,55039,4743,0.0005178851635782273,
fips,55041,1644,0.00017950731792591305,
fips,55043,3485,0.00038052494098041786,
fips,55045,2242,0.0002448025588746332,
fips,55047,1691,0.00018463921813425727,
fips,55049,1947,0.00021259169586481308,
fips,55051,1171,0.00012786074774406582,
fips,55053,2260,0.00024676796746506293,
fips,55055,3643,0.0003977768608297453,
fips,55057,2459,0.0002684966513259247,
fips,55059,3847,0.00042005149152128196,
fips,55061,1126,0.00012294722626799155,
fips,55063,3803,0.0004152471594113427,
fips,55065,1696,0.0001851851649649322,
fips,55067,1913,0.00020887925741622365,
fips,55069,2232,0.00024371066521328342,
fips,55071,3876,0.00042321798313919645,
fips,55073,5775,0.0006305685894295303,
fips,55075,4276,0.0004668937295931899,
fips,55077,1316,0.00014369320583363843,
fips,55078,1036,0.00011312018331584302,
fips,55079,12858,0.0014039568697636192,
fips,55081,2935,0.0003204707896061769,
fips,55083,2905,0.0003171951086221274,
fips,55085,3823,0.00041743094673404234,
fips,55087,5030,0.0005492225116589675,
fips,55089,2059,0.00022482090487193124,
fips,55091,601,6.562280904712514e-05,
fips,55093,2135,0.00023311929669819,
fips,55095,3400,0.00037124384485894425,
fips,55097,4590,0.0005011791905595748,
fips,55099,1802,0.00019675923777524046,
fips,55101,4140,0.00045204397579883215,
fips,55103,1626,0.00017754190933548335,
fips,55105,5179,0.0005654917272130801,
fips,55107,1746,0.0001906446332716814,
fips,55109,2934,0.0003203616002400419,
fips,55111,4247,0.0004637272379752754,
fips,55113,2479,0.00027068043864862434,
fips,55115,2645,0.00028880587342703165,
fips,55117,5026,0.0005487857541944276,
fips,55119,1682,0.00018365651383904242,
fips,55121,2513,0.0002743928770972138,
fips,55123,2357,0.0002573593359801564,
fips,55125,3326,0.0003631638317649555,
fips,55127,3830,0.0004181952722969872,
fips,55129,2756,0.00030092589306801484,
fips,55131,2810,0.00030682211883930395,
fips,55133,10010,0.001092985555011186,
fips,55135,3759,0.0004104428273014034,
fips,55137,1874,0.00020462087213695928,
fips,55139,4976,0.0005433262858876784,
fips,55141,3796,0.00041448283384839775,
fips,56001,3634,0.0003967941565345304,
fips,56003,2347,0.00025626744231880655,
fips,56005,2967,0.0003239648493224964,
fips,56007,5084,0.0005551187374302567,
fips,56009,2170,0.00023694092451291443,
fips,56011,2270,0.0002478598611264128,
fips,56013,4723,0.0005157013762555275,
fips,56015,1920,0.00020964358297916852,
fips,56017,838,9.150068882111626e-05,
fips,56019,2894,0.00031599402559464256,
fips,56021,4254,0.00046449156353822025,
fips,56023,2635,0.0002877139797656818,
fips,56025,5443,0.0005943177198727158,
fips,56027,1511,0.00016498513222996022,
fips,56029,3063,0.00033444702847145477,
fips,56031,2005,0.00021892467910064213,
fips,56033,2350,0.00025659501041721145,
fips,56035,1728,0.00018867922468125169,
fips,56037,4241,0.00046307210177846546,
fips,56039,1540,0.00016815162384787476,
fips,56041,1579,0.0001724100091271391,
fips,56043,1624,0.00017732353060321337,
fips,56045,1601,0.00017481217518210875,
